id,name,password,email,join_time,balance,burger_coins
a57638eb-005d-4149-86d2-00f5180dc01c,Morgan Sharma,c1e21f6fc5773c4b72a8617534f278d3b0f1813f3bfbf2676661ba7767929658,elit.pede@protonmail.com,2024-04-02,10000,0
377e6ff2-7e18-4a6c-96ef-2b86b125babf,Howard Kwok,8dffc547f8ae1cf00c4ba86ae19ae6b56d555eb72d03cb28839e3168f81314e7,purus@icloud.com,2024-04-02,10000,0
4490eb87-9181-4302-a7b2-8d44cb8a5e4f,Knox Tyagi,a0b1060bcd06b99dffe1c9a30e8a377217ca55dc704172961617a5f6eb368056,at.sem@protonmail.com,2024-04-03,10000,0
a51f181b-948c-4758-86c9-a84575f6336e,Jamalia Arun,3427b6dfc8baa9120cc948ff7d8bf256fdb02b0718849105be7878f53213e018,ornare.placerat@hotmail.com,2024-04-01,10000,0
bb8c2808-9c1c-405a-8034-e6ea4bdda302,Kylan Hernandez,566a202bbaf9ceb8645fd2681683dfd4dde4b4f83b2f0f91eff3c5ebb1d5df78,sem.eget@aol.com,2024-04-04,10000,0
847b99d2-ac5c-439e-9e7d-8ef67486a7ea,Harrison Ming,1ca9b900f16ec705c8366f5ea8f6600fcbde3f257b2482eca25d43116fca35c8,magna.a@hotmail.com,2024-04-05,10000,0
ef35ab56-ffe4-4416-950c-adcbdb9e6992,Joseph Swami,4095f012964a220fb282695317742821d4e5f257d38373b777095310bac0affa,nonummy.ultricies.ornare@aol.com,2024-04-01,10000,0
dc2b4ab5-c7b8-4f4a-b734-8f2d26277302,Carly Neelam,34022226603743c7a55214f61794181dbd53f9a4a394065aafc61f8271bee250,rhoncus@hotmail.com,2024-04-05,10000,0
3aabae50-d1b2-43ea-a475-448ce7120380,Carter Sen,fe23d9494e045f7276d440e550916f162587574d6cd97ed383681800b0373526,hendrerit@protonmail.com,2024-04-04,10000,0
362afffa-143b-499e-a629-0b99b5ec2515,Jillian Austin,59fc8c70ed09e8e65f13537e7712fd8c836b6f6c49118b01794208ee188a4fb2,proin.vel@protonmail.com,2024-04-02,10000,0
f7c530df-b43d-4e2e-9e96-c1fd3c322bdd,Rhiannon Crawford,914da20da83bed1a6adc83c9d91866b63246383fa665983ee47f2d1ca943e64a,erat.sed@google.com,2024-04-02,10000,0
dd7b716c-db4d-4863-86f2-161480945277,Harding Cheang,271bc0c4e8b7e1a9e6ac434fdde618f1875559601aaf274b984879314168a862,natoque.penatibus.et@yahoo.com,2024-04-06,10000,0
5f9631dc-5062-4300-b904-a1482b3e481d,Carlos Xiong,d9af5733baba93433f25ae3d52255ab11108a43b5ab444498e293e871a1a267b,egestas@yahoo.com,2024-04-02,10000,0
0fa2f51e-76aa-45e4-b380-110f1ea3ebdc,Allistair Yang,30e67da693f0c5600f984de284bf68427ce627f75376d4c563d26a0a2d87b9b6,et@icloud.com,2024-04-04,10000,0
aec01326-729f-4f96-847f-bbb8647c7c23,Simon Mason,1980024743afdd64f24cc7b17ea4c03138517cc8be4e473d7b852f4e4f72129b,vitae.diam@google.com,2024-04-06,10000,0
55dcc443-e6c5-47f6-b43d-c0b340485476,Savannah Kwon,79a29145d0be00182b08900d349f02dba8ea4a1d98ddd693c6002cbda75e05c5,proin.sed.turpis@google.com,2024-04-03,10000,0
ccde64fe-fe51-4a81-8a7a-0f514ea9e9de,Amal Shah,4c1900ae70d381eca1c529d36f4aea3f164fb42de14ced4d359cc223bd2d0a53,auctor.non@icloud.com,2024-04-03,10000,0
019a603b-17ea-43a4-9614-df68805ae07f,Stacy Aggarwal,ce31ae17232d0cffbde37f16903003c8209c0f12c49f929a622bf31decc37c76,placerat.cras@hotmail.com,2024-04-03,10000,0
dc39ab28-10fd-4fca-bb14-866e89de74ca,Drake Harvey,f10f97b4baffb31390420ce1d562aa80d613de5e48a3c6f61441f145e0e1e42f,cras@aol.com,2024-04-05,10000,0
d5ffcdc9-43d2-4826-80d4-2e83eb54ba29,Xantha Hamilton,864df32964195b1a16cb25718ba3b581a665d962a953b65fb00d45b93cba9d3a,in.tempus@google.com,2024-04-04,10000,0
4b79a0b9-108a-4d3e-a923-403d6c275d8d,Arden Russell,665ae60d42b36d7d824e51ac196ac2d24d98d1aebf3a29d1250693a4081a1378,vestibulum@yahoo.com,2024-04-03,10000,0
6abe2946-4c27-45d0-af36-36526f66a8e0,Damon Muthu,506bdd3273f5f96b072306e61c03eb335663d6e69686d03e551b7650e0f5835d,dui.suspendisse@icloud.com,2024-04-02,10000,0
28dff235-8516-4786-8792-fb7ab8be92f8,Wallace Sahni,2c9bf8bcf2f8d7a5373443d7e5a59c4acb5ce90291e066a57e7a0a8fc0618c08,porttitor.eros@google.com,2024-04-04,10000,0
6d79479f-4112-483e-9ce1-9b443af06536,Jayme Bhat,801c82abaaa2136ec952818cc9e2f341bd5bc6624e52a1f43929114a32680ff2,lobortis.tellus@protonmail.com,2024-04-05,10000,0
5d1d372e-15f8-417c-88bd-e06c2f8b0394,Catherine Fields,63cb2dfec6472734319ba769078e1c6f966bad3b896734ba6c3c0af23cf451af,mauris.sapien@outlook.com,2024-04-05,10000,0
d0b8cc3f-2b83-4246-acc9-35d09db472ae,Catherine Kum,429db292b615c6f3102f9bb7675521aee9d105ca5df043faacffef17e1a8bf8b,nec.imperdiet@google.com,2024-04-03,10000,0
0be5112b-7fcf-46dc-b8cc-3c0db5977f94,Caryn Reyes,f1256a5f3340a05a1ebf7c03995697c0539439fe3975b7667a15cc07bf46658b,montes@yahoo.com,2024-04-02,10000,0
ea430a97-ebdd-42f0-b330-ab9929fa9f2d,Montana Stevens,10b34bf2884ce3986c85e94c28fd4aa58ef56b881228da9ea359e2a31af9d1aa,aliquet.libero.integer@aol.com,2024-04-03,10000,0
ca9b7021-2d11-4b01-8498-8baf25c2cfb3,Brooke Rai,0ba834e1e1862d0a148d31061357bbbe6de64e4f2ef5f29062d7ecd2793a02d4,sed.tortor@protonmail.com,2024-04-04,10000,0
1cb3b663-bf3c-4532-8a14-c71be2283c32,Cassidy Torres,071048c403a68163fc130986e93a5bcd3ef17ca048322ec57fa0f9bfd756320f,aliquam.nec@outlook.com,2024-04-02,10000,0
48626540-12f3-4d58-9166-ab10cb8cf77f,Liberty Chia,887ea113625248fe87b88521dd5f5f2802033bffc33cf222a51282089c5a9065,amet@aol.com,2024-04-02,10000,0
48479e14-85fb-4778-bfe5-247dc8195593,Chaney Liu,db10a1fa4ba6f706d3ab690ef873b71ea432042411e1ecef0002eeaeb23553ea,pellentesque@icloud.com,2024-04-04,10000,0
4f2b7fc0-be22-4e79-992b-6f364ad9830b,Jackson Chen,7ee00c297288abbd682cc747dfff027508ec5d82345dc62be37adb2046cff61a,euismod.urna@yahoo.com,2024-04-03,10000,0
76075154-e1df-46dc-b0d6-333f671d0c22,Wallace Au,d65598669641d6a617f388faf3d95caa0496adf48ded286e838a7726c459601f,nulla.vulputate.dui@google.com,2024-04-04,10000,0
7446a288-c712-4379-a1c7-348c9eca596d,Lee Mendez,f6a0de6e8452b4b672beccbe3b5e944bea9c4ae7e18a4b51a68ad1c8ab9e35c6,faucibus@hotmail.com,2024-04-06,10000,0
92c380fa-10c2-440b-959a-10fb2acf2aff,Megan Srini,ca16582b08efabfcf11688be33336e98efcdbfcbca68c9c98a37c1784d6df9f4,scelerisque@hotmail.com,2024-04-02,10000,0
db67a166-d5be-43de-b360-83bcd522ab58,Katelyn Hoffman,7419857ab79f4df7247cf5b186987773a1f009a4e7609660120c6d3e5f38ce23,ut.pellentesque@google.com,2024-04-06,10000,0
92f87776-fa86-46a7-80eb-d80cb6d02170,Reece Tran,bf2cc36d781a3010b5d67428d778955f59fba3918251ebbc28836ce73733df6c,dis@hotmail.com,2024-04-02,10000,0
56f23714-70f4-41b7-98c4-b534005dace1,Evan King,78e827233869e7b051ca6cc9478d4f511deaa32c4ec03136efac1fe661794472,vel.faucibus.id@hotmail.com,2024-04-05,10000,0
8a2afb5b-f8d0-42da-8da2-a7a3c1795c7c,Alana Verma,ba06184fc2e92e35b318bbdca472305dadc2bcddeebaa15288895dc5422d1231,elit.elit@hotmail.com,2024-04-05,10000,0
dba81295-2f0b-495f-8b26-ec6dcfd8599f,Sylvester Mittal,3c3d1993999ab987e4beddac642cb41ae8db886c7310cf979519ee6b8ba6433b,eu@icloud.com,2024-04-03,10000,0
76b3648c-8363-4e5b-aac1-7c663e90b426,Octavius Wong,556d192fe74414bdb83eb9506f12cb0d682fb9fb2df8b84ebdd37cdfbc804651,ac.orci.ut@hotmail.com,2024-04-04,10000,0
66e8bb74-baa0-4338-8c31-d3695005b2c4,Venus Subramanian,52af29c4edfb24b3a361c9e8207062b49e159bcb0b360583c6ee41f04c9ad4a9,elementum@google.com,2024-04-03,10000,0
757370b4-f215-427b-85cf-dd3600e0e851,Sawyer Ford,ab1a6400cb2a6967294d67953f49a528523ce6b6cc8211de55a7b09e6eeabe8a,iaculis.nec.eleifend@outlook.com,2024-04-02,10000,0
96f8d87a-53e0-441b-a5f8-a53f43cd73a4,Farrah Scott,5b6ff809263ffc9e3bc3c010768aa5d484ab382ae8e524533417223fb44a6bb3,at.velit@yahoo.com,2024-04-05,10000,0
07e5478a-dec6-4f3f-ae21-1fa6c563a256,Dana Sanders,adafde9ba09f644e7b2958fe7fb6181ba3a54f820bdfdcbadbf02eefdd1eee0d,in.tincidunt@aol.com,2024-04-04,10000,0
23a33541-91cf-48d1-8e87-b69590f05804,Brenden Mittal,959c3cbedf3f3e8ba577958406cd0f281f7f1c107cb50dbc17921d1cf96410fc,ultricies.sem@hotmail.com,2024-04-02,10000,0
b07d1165-5ffd-4c30-9d79-e928cce5bcda,Mari Loke,ddbc60b09083ea59f6bcaa4ac0987b3276c2024c69a7816128e2c5899c4b6ed9,facilisis.suspendisse.commodo@google.com,2024-04-03,10000,0
3f23557c-792b-4e93-991f-53bd9f7790db,Drake Espinoza,676aa09f554baaa3d6b611a6297b8e7184e2237da4c5cf9b562e2c912f2d0c6f,eleifend.non@yahoo.com,2024-04-02,10000,0
8a0a17fc-a031-4f30-a7e0-8755f3dca92a,Sebastian Watson,9be2e54fec27bad7db3fd3028267ad241838f8660a30e80acfce7eda11624893,ornare.fusce@hotmail.com,2024-04-06,10000,0
19b017be-e7b3-47b9-81d7-de2b5a3d49d3,Tanek Rastogi,586a0e4682ed6e6ce4fccc9f4ff14ae9070dea0c630b11defe82a92e407e7a7b,tellus.id@icloud.com,2024-04-04,10000,0
4a35f9ab-cb8d-4676-8785-474f00397ea9,Desirae Chakrabarti,f87482fca016d927f884959ec7632b4c1af5e61cc15d6300461adb1047c1d166,bibendum.fermentum.metus@icloud.com,2024-04-03,10000,0
3b8b52da-7299-44df-bcbb-5f61bd1fbc60,Dolan Soon,538a6c81a935c33c4c18e0aa92a1ac5c0f27431e34ecb0e8838c58d0dc3afce5,aliquet@google.com,2024-04-02,10000,0
49b2996c-c589-4737-9357-871d610a8e93,Stewart Foo,5334cd308d92d672fab46841f9b2985f427c7a41b9a3a55e5582c570c853a5af,scelerisque@protonmail.com,2024-04-04,10000,0
1b80ca2f-e330-4809-aa00-80b9579409b2,Rosalyn Sethi,744a684e2b09bb2a9b7a5a6c0f256856567f38ba2db393ce47d42c1bff311e71,cubilia.curae@hotmail.com,2024-04-05,10000,0
2f034ede-a2c6-4ddf-ae0b-a127c3dd77b5,Jason Knight,3cd44d096d46732ef3b40cbe844fcac9ed511270a551172e21e45628c98b4ac6,adipiscing.elit.curabitur@yahoo.com,2024-04-05,10000,0
e1b30367-2d11-4e70-ac2a-6f4f79772eda,Angela Xie,f1e5f3bd7262801ac22e296ff83acce9edcc2fa80c600563de1704a1644fde5f,viverra.maecenas@hotmail.com,2024-04-06,10000,0
d1a5dc21-4315-4ab0-a1ca-788b7adf9ec0,Mira Cheang,c03c802f60bb44cc4b1031b3d84406122787b5a73facaecdf7e92dff68f0d448,tortor.integer@yahoo.com,2024-04-03,10000,0
9201d4fd-6c72-4726-9495-c2de79cda3a6,Malik Rana,546dc54c98464b9ce9794fcaf297e4fd7a5c9a8fbcfc62fe3534d21a472d8d18,orci.tincidunt@outlook.com,2024-04-05,10000,0
a6c48e0f-98de-4476-820c-ebe732bf8f3a,Bevis Sin,f12c85f839afc3ee85adacfebf316c48f9d44b87bee7e7573fb977b355649a24,tincidunt.aliquam.arcu@protonmail.com,2024-04-02,10000,0
1903073c-0940-4c61-a24e-1fb9a6e8235b,Breanna Chander,13cec0db2afb23c43312b36c8719b01c586878891af9f7b8fc6bbef79432e56d,dignissim@protonmail.com,2024-04-04,10000,0
48b2393f-889f-438d-9763-5f9d7d8d59fe,Ciara Sudha,2dd8fd8606c8e59422df14cee9dc5df0134b35d13c36bc6ed9733158d0a31dcf,mi.aliquam@yahoo.com,2024-04-01,10000,0
313dbb98-6792-4621-8358-260102296575,Inga Hudson,08704a9d05f885e927179db537404b37c7763d51122ebfb179eba63264d2fbfc,euismod.urna.nullam@icloud.com,2024-04-02,10000,0
0a23666a-f3a5-438c-998e-833db82d616f,Garrison Vasquez,0ad00e6fc2245c66726bc3b93f16b72c95e3ce0d9597863aeba8fe0cbdd43423,nibh.phasellus@outlook.com,2024-04-03,10000,0
d336c2ff-2782-4bd9-bf79-f1970a28da3f,Cathleen Sim,c94ede950ce4854f480217e3ca41ecd54845b349f8509fff6b0d87010ee1c16a,enim@hotmail.com,2024-04-03,10000,0
4a09ac6e-f066-4423-b194-ec98fda16278,Shea Rai,0c090ebaf54f75a94e6ed7134847c188e3fd56f83bd902a26c7bdefefb920e3d,dapibus.ligula.aliquam@yahoo.com,2024-04-05,10000,0
9bd1af20-aaf5-4a88-819b-0312b30b3b25,Iola Chew,534e4a1e7f5afba8fa256085d7104b4d9812868d42257049a5a325de726376e5,convallis.in@hotmail.com,2024-04-05,10000,0
1f9a3da6-3e70-460d-9477-82d781e07673,Jelani Jones,04729418028bbd5dbf9193df6d98972aa79bdabddff9d1866c500c9ffd9c3dae,amet@yahoo.com,2024-04-02,10000,0
1fea28ea-b38d-4a37-bff2-88ad0bb9dae7,Burton Fields,f5d580fb62ebcf06e12ff273c9f0bd938686b3944bd4ce594724196b36b097bf,adipiscing.elit.etiam@icloud.com,2024-04-03,10000,0
3111c668-3861-4488-a22e-1b5c73df1242,Dean Long,1954c2e7d40215bd45a2a03cabe4d469003c3b10ad9dcb3900e6847406424ce8,elit.elit@google.com,2024-04-02,10000,0
ca09abd3-4fef-4cc5-8733-e237a1cf2f59,Rowan Thomas,89e4dda516e27cef8ee5d46269a69ce9cc01365cbda14f4d40190172e73350a7,et@hotmail.com,2024-04-06,10000,0
e35caa31-c94c-4924-9259-aa35b57d7994,Marvin Zhuang,fc4d61f472e730bc4ecb04ae17792a276e7bd3223c7c4448dee0700f9767cf6f,eleifend.non@google.com,2024-04-03,10000,0
195bcb1a-05a8-4469-99b5-be004f11bb67,Vladimir Xiong,0bfdfd3dde941d26d26ab92393f1b0c0981773a8a4caa075550483d58ea42b34,sed@icloud.com,2024-04-04,10000,0
1867ee29-b41d-4f7f-9f33-4ca5150468de,Karen Nirmal,c2b79efe345e2f27202cf8a9b35ecc36c796fd717ac2e9b29a089a83f4c347e8,et.ultrices@google.com,2024-04-04,10000,0
5ef4be00-571b-4d27-80a6-c41113b85da9,Stone Ong,6e63c4425e189d797ca8f61b23c6d7221976e2796ee1b10fb5cdd8673642aa7d,nisi.aenean@google.com,2024-04-03,10000,0
375e297f-1285-4452-bf7c-47cd96d99715,Darrel Mahajan,e6dbb5ec2a7db0a725d96b1831fee05f5bb126712ef8b9eb7d8f01a0ce76064f,eu.dolor@icloud.com,2024-04-06,10000,0
8e74020d-2965-462e-a475-beb8f6134f76,Kaye Zhao,f584e219ee0c7e6feead13a219f11c9b39bc0e58f07269bdd007a5864a8594fe,euismod@yahoo.com,2024-04-04,10000,0
2a213c98-d07f-4e91-bb88-f3e01317a61b,Phoebe Goel,a8c4e08bfb04ca4fe6c586e861d2089c3ff126df3ceae1e0fd00502fdb89fe58,lacus.aliquam@hotmail.com,2024-04-06,10000,0
b82acf07-55a0-4531-a149-a7635ed49de1,Malachi Sehgal,146f049421645b5389bf3e46d724e3a99b0471e210b4525ad7d097858ec218bd,sociis.natoque.penatibus@aol.com,2024-04-02,10000,0
0a945bde-5fc4-4ef6-aceb-3e7d8ecd4a32,Georgia Krishnamurthy,5c24b8a4d385d55f275a86431d269329e5a6d4889225101cf86f45980f4da117,enim.consequat.purus@protonmail.com,2024-04-04,10000,0
b923f02a-dba0-4bdc-9e01-112cc6ae0f54,Macaulay Sahni,6b77b24e7732e6f95f431e1ed2e6dd02d30fa277ce72f53cd642563db6482eea,et@yahoo.com,2024-04-06,10000,0
5d825b3f-8371-43e3-874b-e735cfbe683c,Preston Heng,e928fdbb725498e985abbcf09ffc48204eff0b7ec7835ccab38e3eecf80050ae,eget.magna@google.com,2024-04-02,10000,0
f5e80b42-1f98-4a66-973e-a4a401a3a76d,Mariam Pei,32c5d9a3be754b0a376271732a8cd8d1ac34a63d4cbdf1a2896a7b728ae98017,consequat.auctor.nunc@protonmail.com,2024-04-04,10000,0
15f3614c-c56e-4f77-8e6e-ecba954a2138,Abra Subramanian,6fac89bff38863500222116db9dd5b5c33660bc7aa4c0b771ed57d542ff06cec,sit.amet@aol.com,2024-04-06,10000,0
1112f1ff-87b7-478f-b513-cebb101213e4,Leandra Hoffman,c2145e520d5c42b00ac383f69a48fd7a0473e57ab0408d97dbd844e377f793b8,tristique@google.com,2024-04-04,10000,0
965a2815-1e40-4603-8f1a-15311393319e,Kirk Leow,068dfa96e8531d089cd7c472614eb30b17b976fde5cdb2bb07a7609be33ab860,sed.est@protonmail.com,2024-04-04,10000,0
d96b6acd-ed4a-46da-8027-a14dcc9e515c,Shoshana Nelson,7ad573f74c171e4f1949071284264ffdf47ec032932c3636b3c6bcc2c1047b48,fringilla.euismod@hotmail.com,2024-04-04,10000,0
1bbb01d5-bcc0-40b5-8fc0-43f1b7e22f5d,Uriel Mehra,39633f6054cb1a3be84d5e1de0726c20bf55b3dfb68f1bdd0a360a3b357ca773,a.aliquet@google.com,2024-04-02,10000,0
1145c079-af82-4ac3-a23e-39f2d80de297,Hilda Rajagopal,e97cb90271277e29f1105dcab58b0f8d18e0cc2e5c36f88a7287518a994edc6c,ridiculus.mus@yahoo.com,2024-04-04,10000,0
18eba9ee-39e6-458d-9b41-65518ce4555b,Winifred Mo,46888ad0250b63007042a29525b65f079e702d751ba2558c78b3fdb5cbf5889e,magna.et@protonmail.com,2024-04-03,10000,0
52c7b924-f4c6-4051-bcd8-5ba069b4c7e0,Nola Black,d997e7484b423ffd3c93d9f18f3f0db2e17be999c64f5cd90a5f1f27166a175e,ut.nec@google.com,2024-04-03,10000,0
221b90af-0d02-482d-89da-a4310d4890c1,Tate Wu,ad97d538422e2ce0a58f83d2dc80267da10f4885f3699f5639a8e690e31b6c80,convallis.ligula.donec@protonmail.com,2024-04-03,10000,0
1bd176a0-3ce0-4f55-98cf-159e127100ad,Channing Ranga,da76a8f4db661e499bc01f3afd3fee9d964cc0c963c4c9581093d404f33bb083,nec.eleifend.non@google.com,2024-04-02,10000,0
c182f021-952d-481e-844f-cbef1bb45ec7,Aaron Nara,6934e24b180e878cd63eb0d84f6a8a749b744ec853a53dd20fba639d88057f38,sagittis@hotmail.com,2024-04-05,10000,0
3442a18b-0353-4503-aec0-53271ad89737,Tate Joshi,275a9ea5e7e6c5a3a67a0cf99c87ca4ce9e3d77c19aa322f8a881ff94ae65aff,consequat.dolor.vitae@yahoo.com,2024-04-01,10000,0
5038a642-a09b-4ca4-91a6-23bdc67a900a,Hall Sun,e35c6aa3c4225c2b269944069b8ba6f5cbb6a8d407907ad11c0629577ad599ee,tempus.risus.donec@yahoo.com,2024-04-03,10000,0
a1581377-3b04-4dd2-bb32-743729fcd448,Sage Qin,7e908525a2f6680f5934da220f392e47855a8f97d46f3090a4dd723b3d9dd968,at.velit@outlook.com,2024-04-06,10000,0
4e2950c0-7d83-4bbd-84af-7bdf6f7dbf17,Francesca Veer,3f7515bf47f044dc43b5b9117e73719ae20f5759e2cfe81fd6f3dece51612a35,lorem.auctor@outlook.com,2024-04-02,10000,0
457df7ba-4206-49fc-bdac-f7e66699084e,Noble Duan,67fd0e21e019997d044feec7d2a4003a8edf645da019cb01ded58c6a16ea9eac,orci.phasellus.dapibus@aol.com,2024-04-03,10000,0
7a8138b9-39f8-4ac7-9b7f-b0380412e3c6,Simon Saini,63f56c749d08b59778a78b4d1682c93af3770d48d36878e67f410d8ad4ca5dec,pellentesque@google.com,2024-04-01,10000,0
22ffbea9-0be1-443f-a3b2-f8e7c6f1a009,Luke Neel,a5d91f535e1b73c47cf05cec7b07c2a9c6bf6f4b2e29317ecbe8bbd53fce0502,ac.urna@yahoo.com,2024-04-03,10000,0
860bf9f7-e9bd-4e61-aa5a-e39695da82dc,Amanda Tian,46c46cc3b3547d6ee3951ecd5c7e443638211ea4e5e1faed9fe979780fa7d924,id@hotmail.com,2024-04-05,10000,0
54f96362-57d6-470b-886c-d33742583fb1,Nicholas Bowman,b5974aa6699fb7990238fbb91612460d8cbb1fc44ee94ad352b451c729d6c9ab,sit.amet@icloud.com,2024-04-03,10000,0
3be5200a-4659-4a29-a5ee-87e7fadec7fa,Timon West,25439a3f654e4cdb5cccb7e91f2f4402fd746bf94fc3ea78c3ee6c8090cef8bd,quisque.porttitor@aol.com,2024-04-05,10000,0
9e68f3ed-ec70-435d-bd9e-46e017e99ad2,Timothy Dhawan,24d292ae2cd97df91108b157a6908e8b77618c882da5283a23855337b105d1e7,aliquam.ultrices@outlook.com,2024-04-06,10000,0
a2fe2529-cbd2-4d43-ba79-f359176d1146,Richard Chande,63092905b12504167a07aa3f0ccd58dc1e8069fe931a20d1ef31268d343f671b,proin.vel@google.com,2024-04-04,10000,0
a087ba22-fc4c-4013-8733-de850e9bbec7,Sasha Sai,ee2b021cf7f7ab37a3bd951a1aeb401df1b9d0ead2a05ea175ecf453269dede4,nullam.vitae.diam@icloud.com,2024-04-05,10000,0
94068c0e-3be5-447c-b8e6-71e9b93863d1,Stewart Bi,4e7a86901ca3f6891ec71f19fcb22ed10cf438fab1c9b7e5062c334b6f5c9b12,mus.aenean@aol.com,2024-04-04,10000,0
5f63b240-62dc-42a8-a399-00e15a6f85bd,Fulton Tay,4017ccb95b7c5621c19f9671d3918d6e1a55414fad62a2ac0d70117e63969684,nulla.integer.urna@protonmail.com,2024-04-02,10000,0
1d37df63-c628-443b-a2e6-11abb07edb6a,Patience Narang,5f323ad61f31bc69049f48c3f5a451fda7be3e722208cfc20fcae779fb44db2f,et.magnis@google.com,2024-04-06,10000,0
1dc4d07c-8d91-4ed0-b7d1-c876ed6cf03b,Todd Pierce,cf1900cadb4c17d74aa1ef29cb54a48dfbdc197052dbd94414a24d90043ebd45,vitae@aol.com,2024-04-02,10000,0
fb49da51-2a6b-408d-9ae5-c54cafc03af8,Eve Williamson,05bb3b0f0f847ecd30ccac0615ac5eaa2d47300570f7521dfcf8f46fcd8613d9,eget@google.com,2024-04-05,10000,0
fb406fd8-d2a0-46d1-ba4f-4430fa3789f7,Judah Mahajan,2402677685b58cf4b64878e883668ded0f709b803c86f8712e1baf9105314bfc,tortor.at@protonmail.com,2024-04-04,10000,0
730ffa48-d67c-4987-a15f-3c301fa77b40,Abigail Sheng,a0d0530b67130959c9733972cfda290bd84a85b9fb63ada7d7d65640c5f97fc3,dolor.fusce@google.com,2024-04-04,10000,0
87d3081f-70f1-469b-bca7-4359a25d9904,Adria Mehra,507ec7113b30196d94322584a37121367c8918a639f58d4e3b5c4873178bdd95,commodo.ipsum@aol.com,2024-04-01,10000,0
6d8be7a9-40a2-4e6a-b95c-ac1cc7b5f9e5,Kennan Foong,c30900229e4662f3383b27733e7d6ed456bd4036ef9b92e57b826e7f0c1a3657,ut.dolor@icloud.com,2024-04-02,10000,0
bfca239f-fa40-40db-815d-ddbfd5a29041,Ferdinand Kwee,b943b4a57d9d4c5a268c5eddd19ce4d9f49d595730b03c98a4dcbacd92a7c5cd,curabitur.ut@yahoo.com,2024-04-06,10000,0
3d42d1ac-4edb-4513-88d1-d3500eb516c4,Burke Jai,96ea06be2e1babf4515822cc5cfad8a1508ea8489fca0eaf6b0ebb23f644a133,a.tortor@outlook.com,2024-04-05,10000,0
122af43d-5fad-43f7-b9ab-6c49fbb45a3b,Melodie Sanchez,05a114243a29290d0d2266b2d2f75414cd66f09bd826f77edd793a323e27d467,cras.dictum@outlook.com,2024-04-05,10000,0
9b427eeb-f983-45b0-b261-a6c0bbc65684,Zachary Brown,0d6e7b68fbc6a384c61ca4e2747a1e479e4f089c3775efe50e61ea9ecaefb6a7,id.blandit.at@hotmail.com,2024-04-05,10000,0
6cf06272-08a1-4bc2-8840-5da391d93583,Astra Mati,8bbacd5df7c0222f5d53f9cb2aa49080287307e553d7b041e5354e3cd79a76bc,tellus.nunc.lectus@outlook.com,2024-04-06,10000,0
b0fe6e5a-34ed-4671-a942-edf371559427,Paki Murray,e24d39a879ea3ea7b2dc324d836b1634e0f370e971087275ef90245bfe8e81f0,non.quam@google.com,2024-04-03,10000,0
b021e1ea-31f7-4707-81d6-fda01fc12c59,Charde Ahmad,221a7a5c6bf70ee1262c60ff96f04c90c1c783871ee17c470d8775e992edb5ae,laoreet.ipsum.curabitur@aol.com,2024-04-04,10000,0
ce8affe0-bb3a-4b86-84d9-e9d90c06e4bc,Victor Soe,12847b25df787815bdd777e3610e7acec29eccfc5637a94f6f0960a456fdb371,aliquam@google.com,2024-04-05,10000,0
0d562c53-7d1d-4ed3-b7fa-dc7c299d32c1,Abel Herrera,eddc2f81d76b430ac18b132d1f7a4ee34a4198b4e827d848a89a828cc8334c04,lacinia@yahoo.com,2024-04-04,10000,0
72784d5d-c4cd-428f-b85b-f9d09cfe9fe5,Helen Woon,1ca3542fc94393338abf0e3c4d43a98a5db78013eb61b3ece2285dbc46550e5d,ligula.donec.luctus@google.com,2024-04-02,10000,0
def7191e-ece8-49ba-a6ac-2bddab5172e9,Malcolm Manju,8ceb4660144394970b474496458a9b6916695f3bf678826ed9ff96c4c4769f4f,feugiat.sed@protonmail.com,2024-04-04,10000,0
2541432a-47fe-4c8f-a171-87e82690cff1,Larissa Kong,a9d3a8eed42aa6bd66182e91a334539881b090893f9e653ff473da7586a16b6b,porttitor.eros@icloud.com,2024-04-04,10000,0
d2f800fa-dac0-434a-bf0d-3df43f346a60,Dana Lata,d62e25a41c13d792f653d3e1ee5fa49570aabb0a48b0b1ffd7f207d6584aec1e,tristique.ac@icloud.com,2024-04-06,10000,0
be2f4381-4801-4e88-ba0a-154cc4d51cf1,Ashton Rajan,38fe73259eb3cf75d898de1e5d13b6b47bb4e799543b413a6982c9e06fc66344,commodo@outlook.com,2024-04-03,10000,0
fd414d19-f129-43f4-a561-b601f6d3d4b6,Bryar Ng,4e8f33b237328808bf760970950badcd22f03d0c42e1f06e4e93d717c71d0d13,orci@icloud.com,2024-04-01,10000,0
daf80e67-6ee3-4290-9ee9-c1b639d41e98,May An,fc5edc4e9ad1a70612e9fc3fa57c4eaa144244ef9646fbcb429dc05603a9010a,hendrerit.a@google.com,2024-04-05,10000,0
b68cb919-c79f-464c-99b8-d8ba413b1667,Yoko Yim,bf68187d3beca000114632d26d6e2aa28b02a41483c59253938f7a592563bbae,convallis.dolor@icloud.com,2024-04-05,10000,0
537cd1c4-5ea8-42c4-a675-6032dacba309,Wing Kannan,2dccf98e8a36ce706eed07dce52c753227459bdf97202b43687903e7c8546771,amet.ornare.lectus@hotmail.com,2024-04-04,10000,0
015bd889-1445-430e-bbd7-1c7a40adaee0,Hector Hansen,9d8adc81e85cfcedf6a373fc71296b52fb4f31c7643930d3fe23b3ab42354137,nec@aol.com,2024-04-06,10000,0
1e45558c-108e-4e26-bbd3-fd4cb87e5b0a,Duncan Alsagoff,cd12bdc4afcb157c326f53c60fdd28bae4d097f68bb02d51c69a49325c0888fe,at.auctor@yahoo.com,2024-04-06,10000,0
d6068eed-08cd-4ad5-962f-64208a3186fe,Phelan Park,8ffc6d4ce8c947c9545b6ea57bbff3314f3366bd95b2ae38931e0f32919de629,tellus.non@google.com,2024-04-04,10000,0
29d44ea9-2471-4fb4-9c74-0654767fe0d6,Hedda Tsang,f6d5e6de363c02d09ff0df31cbce74cd37190aa895ba5fe713ab2ceb678ade50,tortor.dictum.eu@google.com,2024-04-05,10000,0
a5a71e07-dadb-465e-8b72-74e966740f24,Kelsie Mehra,a380c35129ae71a615c02f52b32f2ee5222d81d8790f7f3d10f8221b611ed61b,enim@aol.com,2024-04-03,10000,0
3168f1f9-a88c-4cf7-ab82-a3e75b85c36e,Armand Roy,c4e6a09b6bfb49cced2c0c536ae6be91ed63fc115571cfd44cead644a64ba0a0,ipsum.primis@aol.com,2024-04-04,10000,0
9d0bbf74-9a1a-4a0e-aa9f-b172e78f95d2,Deirdre Yeung,b322f2294a1fdb136c447cfb898b869ce8c63c102fd8465e57fbe7450b0f2d7b,in.at@yahoo.com,2024-04-03,10000,0
30f8930c-2ef5-4958-b71a-f0c2152d3f69,Zachary Gong,a4a984e9f124d5650bb0c8123a4bbc1345a4f4d07690955d4ffaf81a63daac8b,nibh@hotmail.com,2024-04-04,10000,0
92565773-34be-482d-a546-1013adcd590e,Allistair Kwan,e345c83bdb66e6fa8b897cf44254eaaeee8d47b2fb6de474e82d9890e0abc985,auctor@aol.com,2024-04-02,10000,0
c12266de-5866-42ef-91af-9d484bd67313,Ross Richards,e51fe03ee8e457d290afd42f88b94748ce77fa01c55cb7a000855c2f9fa1514d,aliquam.nec.enim@aol.com,2024-04-06,10000,0
dc0eeb46-a253-40d0-bb18-be8db41e39a0,Alan Srini,58232fa1a0a3bd21565b5445cb295061f8d20a2fd273d403f8fa2ff4483f8962,risus@protonmail.com,2024-04-02,10000,0
f21a4944-21ce-49f8-aa8d-cefda1aebb5d,Stella Welch,bb615b3c8b060dcd9de9212d74b3f23ce5bce729b0fe672a4f53257a37bd284b,libero.donec.consectetuer@google.com,2024-04-02,10000,0
47e6ed59-4b19-4cb2-9b52-41c1083afd3e,Xavier Mehra,4688524e1698fc72827ca8dff0e89c1482abc95ed60ebb07a0a474e3d3859c31,ipsum.dolor@aol.com,2024-04-06,10000,0
04141cca-5854-4a4a-9af2-725f13a4f8a6,Chanda Jing,268842ee306d30fc6d2098c2b547957a213aa860fcd3e17a1946885b176e6dd0,curabitur.ut@google.com,2024-04-05,10000,0
896c5fd5-4aed-495b-a846-e13bfec10129,Helen Chander,394efe72c03524835aa148cb59c8c8c8b52466d6dd18844d2cb35e5f3988a4ba,nunc.sed@icloud.com,2024-04-01,10000,0
3a5e57d5-96f0-4363-aff0-ce7b89d1a3e8,Patrick Wheeler,69a4b1452dba8655f0c4933197083f1113b9c36b380496bac198100307ead73e,et.lacinia@outlook.com,2024-04-03,10000,0
e391472f-1158-4219-83ac-2513552d15fd,Wing Wong,f3b13a346731b360f901e976bf9485e22b2e632dab31bbd2b0f57523d99ad685,sed.est.nunc@google.com,2024-04-02,10000,0
e052557e-2d70-4266-954a-8f31b3f5d139,Wendy Tian,381d3fb9fd41535dec81bad54015b1cec02ee07bd9a439d8c0f44ee9fa488c82,integer.tincidunt@google.com,2024-04-02,10000,0
678bce59-40e0-4292-99e7-09888dead82e,Shoshana Dhawan,da5fe10738af4dc5e6ab459b1aa8374a3520fc1eb6e546932ce428a61a798f33,lectus@yahoo.com,2024-04-01,10000,0
b0f45009-74fd-4601-9195-6ca325ff7943,Joan Mahajan,f07160b0f39bc9ed4639f247c385a3a24bd5f81bda42e899c976e8b2e652256d,felis.orci@aol.com,2024-04-05,10000,0
06b36094-b0c6-4651-9b88-7c0aa150f7aa,Hedwig Saxena,8c69d0f860dc099f897adbb4a76852daace682777a8474a2976420264c98618d,pede.nonummy.ut@aol.com,2024-04-03,10000,0
f0d3bb2e-448d-4a10-b1cd-b0137e964448,Rudyard Burton,0f547236a1eff93a70662c5c39f55a1ffcf5eb3ff9fe6fb6450e2a1e561b2ab5,quis.pede@google.com,2024-04-05,10000,0
6577bfb9-3a46-4303-a825-7cb20c4eb994,Sade Wong,01f2c52e1b82b97c15456e3ea29e5e3ecb96bb61f86afc1ad39c2818f9ea8a56,purus.maecenas.libero@protonmail.com,2024-04-03,10000,0
5d7d5c4e-e836-4f87-b024-ae4b3172fea1,Kay Au,b274500c53e50ad66721e7731bbb78e91418daf23fb422d0b32397b6ba87af65,quis.pede@hotmail.com,2024-04-03,10000,0
c40adcb7-2402-4e2f-9ecb-6ff8439dc534,Aquila Manohar,70112312437262ae6fe74b29169814b8232851d7425811bd4cbef19025588732,cras.interdum@yahoo.com,2024-04-02,10000,0
b4bac18f-570d-4d8d-9d3b-278027e2495a,Stacey Sharma,e86fb2d11cdc5ac2d835993c1cd10ddf4ed46bb8973e846394d2da34ac640296,eget@hotmail.com,2024-04-03,10000,0
3b7f98c3-f183-42ac-94de-290368474ca6,Darrel Robertson,7d21c18b726fee78046088d91bb00176b36e9ed5e4d767071483e7daebce0cea,et@google.com,2024-04-06,10000,0
e7736c47-188d-4ed4-89f8-71e56f1af1ac,Brady Ranga,e366d2b463dd66282d94871a23361d1c4010d16577c87a7e601492dc22349114,proin.eget.odio@yahoo.com,2024-04-03,10000,0
f5eb5d57-bf1d-4fe5-a814-e147b50fc263,Lee Kishore,641c703d7b618490da7063c846bb51c4697ff85ed59fc3be430c54999980c341,ligula.tortor@icloud.com,2024-04-01,10000,0
7444b916-0aea-432a-963e-1d5a867cb70e,Christopher Koh,cba78abb88dd8ecbda5c8e42d44d47be27b1bc8cbb425b45e547cc4f82985ad9,at@yahoo.com,2024-04-02,10000,0
88c11ca1-41d8-48a9-acd8-3e79f93b4b41,Dante Uddin,48bedd4ed2cd316c05b8be5608e8211225c60ff518a92d9d6d2276966a2edc40,tellus.imperdiet.non@aol.com,2024-04-01,10000,0
0d3516d1-bb37-45f2-80ba-88ebcdfe23c4,Reed Garrett,cda16433c2b49a9c5a8831a53ea9809abba286f185e2f9cf07a79b8828211b77,adipiscing.elit.aliquam@hotmail.com,2024-04-02,10000,0
48de5516-32a0-4267-8915-d868e7e5a41d,Thaddeus Veer,e9dfdca94a8349d52005bd821561cd0490dd06991d5f46a884da1bcde1ec5bc5,dolor.nulla@outlook.com,2024-04-01,10000,0
e2070e36-ebde-4e64-871a-e5985a1016df,Dexter Adams,dc11875209974d0db130e65220f7a2a93e84a0dee8eb9463daf2011e3c0f9e40,maecenas.malesuada@yahoo.com,2024-04-03,10000,0
2eacf7cc-2c73-47fe-a885-e7939b204f51,Sage Burton,27e5b8ae2e3704d72ff9aafd1bb5573b84a0ba16678c368378bc3bf4b64ed072,est.nunc.laoreet@icloud.com,2024-04-04,10000,0
22e4b074-2e5a-4e48-afb3-3b54691666d8,Chaim Kapoor,8fe0fbfdaa81cbcd9a251a7153bd24542cb6d96de8fd0555c52f8274be19aae7,aliquet@icloud.com,2024-04-04,10000,0
9def39c1-8f76-40f7-b5cf-c5a456ad0bee,Julian Soni,2b5d6083619d08b4c594861ef9cca25d776ae8a571ab502d96ea5efb5bca6632,risus@protonmail.com,2024-04-05,10000,0
f9875dff-f9a0-4c91-8be0-f76fe5844fdf,Eugenia Lata,c2daebdab692a6f230dedc65e15b82ffa2e827cb85cf4e3a1cfbc70eb26a9ca2,odio.sagittis@yahoo.com,2024-04-04,10000,0
35b92720-e5ff-4108-957f-908075abecd0,Nicholas Cao,7fcd7b1e2f443d6db552264e2fe14a8c7dab7de4f973f3128c0bb1a34a3e5e66,bibendum.donec@icloud.com,2024-04-01,10000,0
7c2d8349-9a9b-47f7-b772-3868b8f74f2e,Courtney Aguilar,5bfdc820f28ca5bc5d46cf30468ab0a99ff29fb99f67f042efe0e6189b5f58b2,sem.semper@icloud.com,2024-04-01,10000,0
0cd44985-a30a-4fb9-b0b7-ecee557c04c3,Asher Kelley,9b240bcb7437c1fbcc3baa36f9000a3ff932e726059defae2f83cc7746945f06,aliquam.iaculis.lacus@yahoo.com,2024-04-03,10000,0
3860def6-547c-400c-9346-1e2bd1ddf05e,Jessamine Russell,2f3db04b62c5d7eb0d646874d07a5bf55aab9728fe0997bff96309b544b769ab,vitae.semper.egestas@yahoo.com,2024-04-03,10000,0
74cf2cd3-2cc6-4bce-bce7-be207c81494e,Malik Yan,7aee482be6aa30a53cb8f0324cb94678085d9de0e30f8a67bfb8d0be7444ea55,mattis@google.com,2024-04-01,10000,0
9272cfcc-cea3-44bb-a7f5-9c42751ecacc,Berk Brown,a8bc2641d445e06d293ad58c2fa5c9bbb14498e46903c58bedd2e1e13dc86feb,sed.nunc@outlook.com,2024-04-04,10000,0
5fda4d3b-d0de-4613-8ccd-db34a255a39b,Zephr Seetoh,bd321eb6dec5584c5ed2bd53082b3a82acb25b1e1f6f93450464021212611925,lacus.quisque@yahoo.com,2024-04-02,10000,0
3089dcf4-27e9-4be4-ba46-af1c9975f94f,Claire Samuel,9c2ed50000918e1d0697569e97b1bda90f7096ac8c82973b42a7cad389df326a,proin.sed@hotmail.com,2024-04-06,10000,0
8b0cad1c-97ab-4943-b30e-51d732890a05,Troy Punj,5520bf583b5675b53d27a6b159a8e5a2bab769b9d123da46b007722542219e52,ligula@protonmail.com,2024-04-06,10000,0
b539e37f-84c0-44ff-aab7-ea032f5bf9e4,Madeline Chen,56263a4ea672d42708c52dc4fe33c11a06a438d341696919ebba87755cf86de8,id.ante@aol.com,2024-04-05,10000,0
d224dbeb-5eef-4568-b0a7-ebdece800d0f,Hamilton Mehta,adf2622ec68956879225dfc1f0b6cacf8c6c7382faebc0b0ce73743f542db11f,purus.sapien@icloud.com,2024-04-06,10000,0
4421b30a-9e31-497e-abbc-39718f916020,Honorato Franklin,9a20feb7a6ee24e3c6d41d28a90c44bcd2371befda5c32748e4e23bc4f811545,lacinia.orci.consectetuer@hotmail.com,2024-04-02,10000,0
fb5fd59c-c814-42ff-8fdc-f652301b99d0,Daquan Seet,ead5bba16d1f56fd1b852306d2860cc38923f47c9750532a3007b48b8d91e82c,duis@outlook.com,2024-04-03,10000,0
01703729-82d6-4d8b-a2ea-480f0fd5de4f,Genevieve Ching,6f14ebbdafe74924212f63c6c920bb1ab0ba26a247144c0827e18dad9d99b846,ullamcorper.duis@hotmail.com,2024-04-06,10000,0
62533400-9d88-4896-addb-8ff53e97c68b,Isadora Tan,e1d8c65d12ba9116e9a6b66d08a989d221f0e07e57629b2c779d785564fd998b,nunc.id@outlook.com,2024-04-06,10000,0
97cfac58-5db5-448c-9726-2694a80ef5fb,Kyla Nara,6b033a0bb558a80d7331f6cb264e7f40c384140576514651c4a92d65b0822dd0,sed.turpis.nec@yahoo.com,2024-04-01,10000,0
e0867295-df3b-4fc3-8fcd-4226a73352c2,Tara Nigam,e6e1bea60558c523ed454a27fd56cc24736eb10702a127e2e3076016428177d2,sit.amet@protonmail.com,2024-04-06,10000,0
fe437e76-ff9a-4af4-bd39-f62c6ffdc254,Felix Chee,41de092e60b603ed8ad6b9e1b52a7ad5fe039312eee18c557e3a3cb4c951b6a1,phasellus.fermentum.convallis@google.com,2024-04-06,10000,0
8e2a2580-a7ef-40b0-829f-18255b305c84,Yael Manju,5ac4821d5c07655c3b8eb2c0d68c7e07bfc37ac341168e20ddbb62ebea4a5934,mi.aliquam@icloud.com,2024-04-05,10000,0
09924bef-b245-498e-9f38-07c752b31764,Kermit Black,0c571473c3dc7845472fce2f16665af9bcded5fde70b76d74de546b84e336a0e,aliquet.vel.vulputate@protonmail.com,2024-04-04,10000,0
afbf0e8c-3704-442c-9532-8b43d3555944,Colleen Sandeep,de17e04f8c47293ba8eceb109ef1e77827797b318b6a1c233e351c8bcc693f59,etiam.laoreet@icloud.com,2024-04-03,10000,0
fba83980-a2fb-4b4d-a621-64bf0ba135e6,Cairo Srini,377594db341c91ec5640a16443bc792b64b3aa2f010e6ac7254d517e8bf814a7,justo@outlook.com,2024-04-03,10000,0
2eb8fe34-4327-410d-962d-aac944c92483,Abbot Hicks,01813394b812e077b81b5c86f320e02b38fc31e3255b9c03873162947d2c2d50,adipiscing.lacus@icloud.com,2024-04-03,10000,0
25417fa3-b036-4008-920b-bc538119d1bb,Allistair Goel,6447e1ed4d56d42bd33d139026abdf5551a7c3a5a6ce6d05af54ff6dff824c09,faucibus.orci.luctus@protonmail.com,2024-04-06,10000,0
3a986697-058a-4b9d-848d-2ebd38a3f57f,Leah Bryant,268086588f402756cd128c30d3bb18b0a80373353bcf9470812cdf96c61bb758,vulputate.dui@aol.com,2024-04-04,10000,0
dfb4d027-1065-434c-aaf1-ee2bd7fb8cb1,Mark Tran,3ad7ec43108491ad2791348f9df8437ff28c1b025b4a5615b4bad3ab0bd386fb,gravida@aol.com,2024-04-05,10000,0
15bde801-61c2-4f6e-8e01-f36bbca6853b,Isaac Baker,8e5cb69d399639171448a1b40924d651cd949249c439a841c2e0f4ade07600b8,placerat@yahoo.com,2024-04-03,10000,0
e9200490-1d16-442b-bdb9-64b8ef7dd348,India Schultz,fbe48176db545ea806757117834ccde33286f03be3a0c238062e0555c26e9dd7,vulputate.risus@outlook.com,2024-04-05,10000,0
826c6532-dfa2-4e36-b528-6d11d3e4aabb,Brenda Bi,a6aa678d6888cb6b977d501a2c9177b9ad4a650b36082aac9261b2af899b13e0,vitae.aliquam.eros@google.com,2024-04-03,10000,0
2dc8c8b3-6311-4bf9-b63b-8f6e90b74e65,Larissa Nguyen,8da87f9ae75caa21530656e052b2e7130ab5e3ad09541a52dd3223ef18055247,aliquam@hotmail.com,2024-04-02,10000,0
b8089356-2cea-4f5d-b233-797e4c5c4994,Hu Chander,018f3dd5a2eb58ef483d601b82eb1f4c32e3a3b4764fa411f1a7af92bafabfd6,magna@outlook.com,2024-04-04,10000,0
9241443e-d549-476b-ae68-48233d658ad4,Talon Patterson,3789dbf901ba61ff421f33431a62e58f4de2ff64babf8fa06f7da8602013220d,nibh.sit@hotmail.com,2024-04-06,10000,0
b2d05f6b-39d2-4460-8f6c-5a1d9b788b38,Wayne Robinson,72d402d534d24a06e79bbf183c743268244f2816e6c6758af8bc50bb82208f29,mi.lorem.vehicula@google.com,2024-04-04,10000,0
cb39165f-6c16-4981-a8af-b906e058d107,Molly Sullivan,8c672fd6ed4491983e234e90dd137d1dbc52e0d799e6ae3901859fc330c12f5a,auctor.vitae@hotmail.com,2024-04-02,10000,0
3a7b2c6e-ed96-4a7b-96be-27905c7fcb1c,Denise Chaudhary,2f597663e97c427481788d2c32547cfba0b72266a6431e8c1c08e6181d512652,auctor@protonmail.com,2024-04-06,10000,0
d2c22a59-9f09-4e46-8c2a-51ea9f6229a4,Kenyon Harvey,d569d21af1b0f977a5f6fc2924572189b0705689de78c241dbeb11921db0967e,eu.odio@protonmail.com,2024-04-03,10000,0
39dfeb06-9aa1-4397-be10-209cb655b46f,Xyla Lawson,73edd7c79f94cfbd862d92c11eab9203257dc22ca6e94bb1a772d4bfdb5dfb3e,ornare.lectus@protonmail.com,2024-04-05,10000,0
d00068e5-91b0-47d4-8791-4f157112b9b8,Quintessa Lwin,d83b7fa0619738b7876d8ac00497331deeb8d7845c62b0ae08289712f9e12291,gravida.sit@hotmail.com,2024-04-01,10000,0
0e0230a4-66c5-47c2-844a-d20dd3408f22,Daria Brooks,917d071a9a38a49bcc6e4f67f0ff6d53e3d6ec4c4f64883fdb99994cd7b84026,id@outlook.com,2024-04-05,10000,0
81cbac5e-fb52-4e0c-8ecf-202e301d2383,Garth Hong,390abf456e05d81e6777136d97077495003ca38300f89483053646a970a4666f,aliquam.ornare.libero@google.com,2024-04-04,10000,0
b36949c3-cf5c-4863-ad7f-996e63009db0,Andrew Williams,fdd83244ab6f2b058e5a293c3ba05211d79aa325b6073c4fa01f11b7a0170c6e,mus.aenean@icloud.com,2024-04-03,10000,0
870bda0e-4133-491b-a1f0-3b660fb3c048,Ashton Yap,28be680ec8dfffdf9ef99819cf897b8eb339a6f816fa35feee7b2e7fc952c3a1,fringilla.porttitor.vulputate@protonmail.com,2024-04-05,10000,0
3dfa96f8-7568-42bb-ac75-344d6d84ee8f,Brynn Zhuang,7eb4fc7c2df9be53375d8cf7c51f1956aada607f261d034e4c6feca2517744dc,justo.praesent@icloud.com,2024-04-06,10000,0
71c14daf-5dd9-4a4c-93be-f32f9469a651,Lane Subram,6d9212199e98dfdb3020c162482f39690af4e58cc3b3f8cf805ebdd9a1d7469b,tristique.senectus.et@outlook.com,2024-04-02,10000,0
3a1f62cd-982a-4871-80b3-23ac6fd53380,Beau Raji,64a0deb07b9bbc70cdec9fc94575fd5185cd439c112fd81f3fdabbdba2f0c045,sociosqu.ad@google.com,2024-04-02,10000,0
f24c33f8-87d9-40cc-997b-064921d2bb69,Helen Owens,4a71e9aa40424220e661493f1d15a767758d304aa61efebd54086d24c99c23ee,ipsum.porta@aol.com,2024-04-04,10000,0
a20b5d8c-4cbb-447d-9d5d-bdc2d471d72a,Shoshana Campbell,a76515469b5cbdc465840abfc08f7c8f30b5affff0b50725de43195932611dfa,amet.ante.vivamus@google.com,2024-04-01,10000,0
cdf853fa-bd30-417e-9f36-476369c8d9a6,Lillian Narayan,a3451c61036a0b5fb639ec91448d1893ceb3a4a00b1de896b8fa7efc4e0c0067,et@hotmail.com,2024-04-04,10000,0
e1d7d86f-21ae-48a6-bc82-62a126040f66,Lunea Bennett,53e6469fa50613f13b0828809e802267c1016099ac2b96c9f9110eda45a211cc,duis.volutpat@google.com,2024-04-02,10000,0
88f5ab02-9734-4cdb-b7e2-4e164e2183ce,Deacon Narang,9cbd2edd61e4a1c6376e96674c30c78e25df93eaf7b1b001f67f54dc8d002963,porttitor@outlook.com,2024-04-05,10000,0
92b5b558-210d-46f8-a940-f3afe0837a90,Aspen Davis,9cbb9608782d3f3ee5188c18cf48c642982835df84762dfcb1ff5f641df47773,sapien.cursus@google.com,2024-04-04,10000,0
71db8108-08cf-40eb-bc31-f86605fdac2a,Bree Jenkins,04794016f0f0a957cb591b494ce895d9a11b062ef318f5cdcf61d5f71decee98,id.sapien.cras@yahoo.com,2024-04-04,10000,0
4ffd47b4-3d6e-484b-a2ee-81fca0b86ffe,Tara Subram,b68ed35d6015aab2c29468cdb8cc486ec0dfa02789c8ca5f8bc4de6583a64742,justo.nec.ante@aol.com,2024-04-06,10000,0
c6ba5438-b7de-429c-befc-bd2712c50218,Virginia Yang,69109cbc7d4061d8c054713e1ce7d60367e993c3439db2e217487c70cb744353,vulputate@yahoo.com,2024-04-03,10000,0
0b3b597f-1804-488a-8115-d57f3d2aed38,Sydney Chauhan,e400a22f877d7d0689a9f883d8c6226e07e23db88ac29b8be430f6b8dabd4093,a.tortor.nunc@hotmail.com,2024-04-04,10000,0
012062d5-f311-41b5-ae4e-74dbc63211c6,Ginger Ganesh,d7857a165a15b6436708dcbbdf222857f8f43798a95098f1ea06804d04e6345e,praesent.luctus.curabitur@outlook.com,2024-04-02,10000,0
5b601cfa-a344-48ba-a8b3-2d3923908289,Kimberley Pawan,f01321eb53490d42068797afc66245030cee1aa86fb6a05aed094ddfec61ba0e,eget@protonmail.com,2024-04-04,10000,0
5839e0e0-3e26-402f-8d49-f2ffd9813df6,Hadley Lopez,7b8ac48f5dc8fe1ff4223684e5aaf7d4aa65fd5960edccbc788bb78c3badb397,egestas.blandit@yahoo.com,2024-04-06,10000,0
00d53761-19a8-4b29-aa60-66e2b3f28d47,Hope Wong,a198eef55a6503b992aa551b9537e4584b27b267457a8512a9ca0bc8aaac00bb,orci.quis@google.com,2024-04-02,10000,0
d44cf083-22b0-4467-b9d5-97f7aa3b019b,Kristen Wood,4afd5b016ba96fd896509a19c96e8f968cf87a9d9c8e070acd0d09cbd18aecae,pharetra@google.com,2024-04-02,10000,0
c8acccb2-2217-44c6-9da9-8fbdd83cbc3a,Alisa Fields,9254286b44a183c4699394bd0be78be7861f82b13d49e90805197bf16991bb8a,lorem.eget.mollis@icloud.com,2024-04-04,10000,0
ef3c12a2-76fd-4cef-82cc-7b8dc34c3374,Xanthus Alvarado,c0b03f430fd09e9c01168fe5be228523e15134a82bf54ecc10fc6f14e4b7a608,velit@yahoo.com,2024-04-01,10000,0
000ccb43-fbab-4fb2-9c8b-b51b15daa0f7,Marsden Harvey,1cde118b892dc6047b5fdcfe1d21b77c68acd8df3c605473b7a4ea7849fc952a,vulputate.risus@google.com,2024-04-02,10000,0
2c071df6-9ac7-4bfd-b1c6-4d6e7134cef0,Noelani Soon,9b8c4f2c0879dcc07e50601e04fc5d25ddfa097fe895a932f684816db583c46b,nec.ante@hotmail.com,2024-04-02,10000,0
352bfa4a-6376-4782-8f4a-c4a02da9f5e7,Cassandra Gao,2123a8f6fa3b7caf97e7fc623429af1cf4e4c13e69c805e46e7423a8699f8a2d,montes.nascetur@icloud.com,2024-04-06,10000,0
8113a8cb-cc90-431c-bed6-3518ee36ba58,Elmo Sudha,671a91784163fa04fabc2f5d913d3839d3c3086e768f3d707c046c0a02b36d95,fames.ac.turpis@icloud.com,2024-04-05,10000,0
94de4388-7402-467a-977c-e87d3fb279d5,Brennan Quek,18c01c58cd69e43593a7852ac511a5649ce37229888d29c5694d612ecf2593e4,magna.et@aol.com,2024-04-04,10000,0
02e92df5-8632-4a7e-b4b8-979766ecb8cd,Tanya Naing,be92e91f0c83979705422f7c6228ddf7e938fb838b9b7c758928bc57c4dc3fa9,nascetur.ridiculus@aol.com,2024-04-01,10000,0
06a20ae6-823a-44a0-9bd4-a9e15f2381d2,Donna Lew,d5579f96282dd608ef27ea31639cc8c62ec189df1c909ff3ef3df307c22c2f38,gravida.mauris@icloud.com,2024-04-05,10000,0
893e37f8-e834-464f-9769-c0230fcb8785,Ivory Liew,8e52a5451499f7f18f624374c041ba5207df6d640cae09baac3cca149576129a,congue@icloud.com,2024-04-06,10000,0
800d44cb-3dc9-4b48-b8b0-4c5795caffd3,Sarah Seo,252eb360585443be80c693326ce04b53f8809101ae8a9046844db3a06a4b148f,malesuada.augue@aol.com,2024-04-04,10000,0
8c35baf7-cc7b-4a04-ad5b-4ca88eb4333a,Jane Shu,2f5984c6f82a49a3f93062869a00d3102bb4e21968b7632fea0d63f1674a979a,vitae@aol.com,2024-04-02,10000,0
c254d27a-7d02-409c-afd3-0f14630b3e19,Joelle Nirmal,ff1eec32be4aadc9e385f9d27ff530c8c9a733cefb3a987eff3234189bb47683,duis@yahoo.com,2024-04-05,10000,0
9201b7df-8530-4e58-a370-66d37cb12dc8,Martin Little,3e75e61fd9c1b71efa771805f1c6e82849009187f97221a2f52f638676b374ed,sollicitudin@outlook.com,2024-04-02,10000,0
fa0fa3a3-4b97-4731-a02c-2eb9ae112bbe,Timothy Taylor,dc65df4e9990300352ad399888acf34828ad911a5b790d24cbe741b4c5b9f7c7,elementum@hotmail.com,2024-04-04,10000,0
02c06ebe-842b-4c80-acb0-66fe7b8bdae9,Dai Vargas,99152950dc85e316970f397161b890f81197c3d6121d6654c5bc33604a9ef3a1,amet.consectetuer@outlook.com,2024-04-03,10000,0
74bb93d9-cb25-416d-a1c7-a90aae80b64e,Colby Gilbert,426b93724fbcbb356be8905236381c230b4b156f290e8ac9903e29a50323334a,ut@google.com,2024-04-02,10000,0
7eb936b5-9c8a-47b1-bcfb-a7940ca009a4,Arsenio Jacobs,709d17f472fad0f685cc5fba0b828be8292882f224b173f521fc8ef9f27252c3,erat.in@outlook.com,2024-04-06,10000,0
5ee2b1b5-eea6-4811-971f-7288a1313836,Maggie Malhotra,6f4b00a0ef069304943ee582b83f1f91c741ffb1876b48415265ae7e7ce7f834,cursus@icloud.com,2024-04-03,10000,0
d771cf13-8e50-4dbc-b629-bb62550943b4,Priscilla Howard,f57ac141eb027c897e805d798a746286f66e3528604b9a7bee03c006234de4bd,penatibus.et.magnis@outlook.com,2024-04-02,10000,0
4055bcaa-6d52-4de0-998a-07f663ab51fb,Stewart Romero,9f7362e7681b0a80fdf59808e58988bb59f04ff3d74930a459705d56929ab8de,dignissim@aol.com,2024-04-02,10000,0
469d9b00-3dac-4967-8a27-685d7ee83591,Tara Veer,f8653631731b011614df5b901e831acd192152cdc0972f579e435c45c5afa98b,eu.ligula.aenean@outlook.com,2024-04-02,10000,0
f40a8a7f-8b39-4946-91ad-8f38eb0db527,Murphy Narayan,8286a7cf7a2548491b1f93cd4d75a5795be20e384012c50fbdc2a7209ff0af19,nisi.magna@yahoo.com,2024-04-02,10000,0
a5b3c3f0-b6e5-430c-bde8-c3a55f7b5324,Igor Santiago,b2b77b76ecec0671d9a2241101a0acda218b175398a788afe43e82feda186b10,dolor.donec@google.com,2024-04-05,10000,0
ec163e87-7daa-4f13-a656-d0fe710f9b84,Kitra Verma,955d88389b344eb2908a471b4a0fd04ceab930cd98b5a9536830dac3cd2db4d0,arcu.sed.eu@protonmail.com,2024-04-01,10000,0
11470d1d-bb12-4b7f-b79a-b95997d20bed,Kimberly Lau,581c562b64037843d5e4e8a2b0dc09d112ce6a23d98965d20e0db62edf341bad,odio.sagittis@hotmail.com,2024-04-06,10000,0
c4b3de61-c496-4495-8b50-ffce472fc0b6,Summer Dhawan,c1c361e3c1879f99a27329c8bff5e55a8ec6a66f2dc12b42cb157f73f460dbd9,dictum.cursus.nunc@yahoo.com,2024-04-02,10000,0
4fff6b8d-8591-41b8-b29b-102cf515fe5b,Katelyn Woo,28c9fc35222edfe1c48a17501fd1b48d2f96817038ff309bb607139a13873341,in@google.com,2024-04-04,10000,0
a93b4e67-4dd7-4443-aedf-676138214c22,Galvin Duncan,8d3188510676c6aaf8c8f01bab5e4dd4ae3469a5ba7100dadbc19812510b4c91,pretium.et@google.com,2024-04-05,10000,0
295c17c6-4e3f-4d12-890a-7ac0739a7ff5,Roanna Persaud,c02e721f5fee381e117aa20d132dc5860d696f532493fd267acbd90578c4dcf7,a.felis.ullamcorper@outlook.com,2024-04-06,10000,0
90bc3b7e-1bca-471f-ac6f-ef4dbaccf9cd,Hamilton Subramanian,4bfdff0d37312cf97fa5c4910fb5027fbfc845e48e806a230b82d9ee709db614,aliquam@aol.com,2024-04-05,10000,0
cf3f586e-c45b-4b2d-b9d4-fa27906c29aa,Alec Sze,db6a0f74735514c764317af8b8dcaaefbf469b698016939a4655447792e13778,vehicula@protonmail.com,2024-04-06,10000,0
f9d5eb67-7336-4440-b8fe-4d0600b6a742,Ima Lata,9031cc4cf26c2b8a5897854d40d944840e9a9b28e21ccdbfa5953101d96cb664,mi.pede.nonummy@outlook.com,2024-04-04,10000,0
0e6a798f-6406-47cd-bbeb-5d3507726fa7,Ann Xin,ed61764b92ada84990d49b0ce007c0533bcb7e82f99d242304434a910e97a21b,velit.quisque@outlook.com,2024-04-04,10000,0
b9a77aea-063b-45d4-98f7-c18ba3b45816,Martin Cheah,2ee835dbc653c2ca420e7ba2d433daec29ba474d77720c83f459fc0d5b670671,vulputate.posuere.vulputate@yahoo.com,2024-04-04,10000,0
9cf4e2f0-e3ce-46af-88b1-49c1165adbb7,Barbara Stewart,5f2bff8e9138a1ac00f187594981e882382e59752026bfeb164937109ce93741,mauris@yahoo.com,2024-04-04,10000,0
9c4f7bd9-9986-488d-b7a3-e15562127cd9,Oliver Sethi,9d1d233da6ee255c77e7932bc05e649bd7ed481d9cd10fa7936c8bbc1e8cf126,amet.nulla.donec@protonmail.com,2024-04-02,10000,0
a4c06fc6-77f0-4e03-87a1-97cd6a04205f,Allistair Phang,7d3853b1e0f34b588e070b8a72e376cf5e2a2176b067e0484b49c64b466ff342,mauris.sapien@outlook.com,2024-04-04,10000,0
024512a5-0273-4ad3-aa8f-fd661184a873,Jescie Welch,deffddb83e577cf8dc03d8eb24cabab22adb1fefcdcdab63e8c26e60b2102272,ipsum.non@google.com,2024-04-02,10000,0
f21e24e4-a3a7-40eb-bd62-0274d38a950a,Ali Chou,16983499453d8e732ea2b67bfcfef1a0fb63029886f0d53fc81e26e02cb198b8,ac.metus@protonmail.com,2024-04-01,10000,0
f065c949-83d1-44a9-a13f-62aa3a1c6ee8,Chelsea Rice,62606ba041f4567dbe4c26d2e961af7a6b2e3b4d82e376b15c653a62de06c384,adipiscing.fringilla@protonmail.com,2024-04-02,10000,0
527671b6-42d6-4add-8ce8-42c7b977126c,Philip Estrada,2c618f736735dd2fd8a623c321bdb8aa5cac13eea4c2297f4d4f749bffa399e1,nunc@aol.com,2024-04-05,10000,0
10315198-90d2-4367-b5af-749da51105c7,Tyler Malhotra,2d9b8d5cf08971654b3caac39e6788f1e34cfa747375b1d52c97a081d664b695,ridiculus.mus@icloud.com,2024-04-01,10000,0
24b05622-a13e-47d8-a04e-c346b8b6f2f2,Chase Lu,df8f9a98d6f6b1e9eb19183054a4edee9a9fba9ddf65f2332a80a03a3d726659,nulla.semper@hotmail.com,2024-04-05,10000,0
f38d25e1-05a6-4529-a309-360d3baa8926,Jasper Nita,16fa7633cb47cedc5115f142a0b3455277f0a90146309957fb20f63edf013256,pellentesque@icloud.com,2024-04-05,10000,0
858bacc6-5251-4ad6-80a3-e6b61511922f,Ignatius Neelam,b97f2529d791390e16c791f9b80ff94d30a594f6213c832da358910147b3c329,eros.turpis.non@hotmail.com,2024-04-04,10000,0
f1be48cb-5160-42ee-afe8-d4209a6f43bf,Phyllis Tucker,c60943e838c077d32425f32b49b624a7e9c9fddbe5c1de817ac21d1a583b118c,odio@hotmail.com,2024-04-02,10000,0
eddc0a7e-03c4-4468-97b9-acda39acd4d8,Yael Fu,60a725e9d371e141232e75f662f69dab7ec240dbe11b66b81dcfc347b5986640,a@google.com,2024-04-05,10000,0
b81a2953-bcab-4306-afb2-922db2dd9622,Illiana Hicks,a87288df4aea51d8e5ae2499fec84086959879a6e1baf7d923da6480554af114,libero.integer@protonmail.com,2024-04-03,10000,0
a9825d99-2393-47c9-9ff6-2fec34128725,Haviva Srivastav,9b2f6a90666ffca60016ec0e28ba385853aac319759b8a60f294442950fb5d1e,gravida@yahoo.com,2024-04-05,10000,0
d4806490-1206-4429-8a2a-510b89ddce28,Karen Zhang,a92c1593d06d230219d26bcffc9dcffccf8d23980faf6f1023e846ef3e392221,tellus.lorem@icloud.com,2024-04-03,10000,0
1005edfc-3910-4554-beae-877289041a7c,Dalton Dutta,6e67416756f57643b97414b7a9997b263a16a533cda230f8409ac937b4324ade,fringilla.purus@yahoo.com,2024-04-04,10000,0
d329b3a7-b81c-4e81-b20c-9a4c78621b1a,Castor Day,6cda91b386b628147075dafca24dca41e18fd5fccebb6d2ccae3d58249a19adf,in.faucibus@outlook.com,2024-04-06,10000,0
ffb97880-74ad-42d1-a8a2-51f40099b142,Illiana Xiang,b242cae3cdd537b50f97e8efad4d01d98fe27db27eefd27af39155617e3654ac,pretium.et.rutrum@yahoo.com,2024-04-02,10000,0
7d6236a6-dfb0-44bb-8901-3d3301add6ae,Connor Loke,26bc109fbd2725e25829f32a978ee774a5c2b3548c502a2a2f8cd29a5914fb94,habitant@google.com,2024-04-01,10000,0
2dd908e8-7e03-4e11-8828-b61e5d090b7e,Jenette Zou,082b9c174c751b4048d2a5f6ccd7035166367d0412f1e3d62b311d0f84c0444c,eleifend.nunc@aol.com,2024-04-03,10000,0
082c5246-8f3a-4bda-96d0-836ce0a6630a,Rogan Cao,192855a374df55c9be76a53b0ebef4c6d79c7748a0650d40ef0161f6c234c224,a.feugiat@outlook.com,2024-04-02,10000,0
b35cdfd8-2a22-4e6b-bcc8-586af1924a51,Yvonne Ying,5978176e2d09d8529c6a84474d383aae6adedc19d6418e3f8c68eb7a864fe66a,pede.cum@aol.com,2024-04-02,10000,0
a02c4269-2ec0-4e5f-a865-f83a7e743fef,Carlos Bell,aadbfaec3951ee3e5d95bd5779c87351f373d0676d3c597aeeb74e54987062be,morbi.vehicula@protonmail.com,2024-04-03,10000,0
5dcc7fd5-aa4f-448e-9ccb-3b1ba3f4f2e3,Lucian Srini,5947dbbb6cd01d5f846053199f3f220efa62d21a06365be3f7a341367dae58dc,hendrerit.donec@outlook.com,2024-04-01,10000,0
3ad227ac-0195-44e0-8e7d-5cf93adcb2b3,Maia Yue,4477584d1527c50b6e4c0e06cc32680d641b309b6a416a5a0efc34256acb07f7,imperdiet.nec@hotmail.com,2024-04-03,10000,0
7e0cf4cc-9346-4c66-8cdf-1c1ccd5c8c03,Debra Perry,7c0eae56cef504e4f312aa20ad3c12d00dc3a63e7e97744671c6fc43e6437bc2,feugiat.metus@icloud.com,2024-04-01,10000,0
98c4854b-6bc1-444d-8f55-a79128361ef4,Carson Alvarado,e01ccd3fd3b0e013d3379b0fe330db9750395843e07f5fe38376ffa0e36b8e2f,lorem.eu@icloud.com,2024-04-02,10000,0
a8da075b-47dd-4540-aa35-3cc3c1983b3a,Graiden Vega,e0707f4a99d11dfb8b0c3cc995362140688976dacd5458ab5f2eac9291460dd2,suspendisse@yahoo.com,2024-04-03,10000,0
b426fd3f-cc56-402d-9bbb-8e85039db36d,Beau Franklin,09a0e42d4c2203938f8f089c7bdba2494013e75c7e9f8a69050a628331203373,nunc@protonmail.com,2024-04-03,10000,0
865c4958-dc5f-4564-992c-ddf1f5b04ee0,Oliver Lin,0f9d2aff2b9e8242e06c403b4ca8092e721eb5ad04b8dcd281e2cdae96619648,volutpat@google.com,2024-04-03,10000,0
a8b6fe80-9e55-4f60-b1b7-8038d76faeaa,Madeline Meena,9dba730e2e572510e02f1dff2d1f69c4c6cc58aa2a28c2a871b996d11030df7b,et.netus@aol.com,2024-04-04,10000,0
d19cda09-d9fe-4397-88e8-8a6e9ba61149,Rosalyn Veer,0f91462d693bebad38608ee73491909e8a77c040cd192673d94bcc44988c8d87,rutrum.urna@google.com,2024-04-02,10000,0
77f6b468-a629-410c-910a-4674cd8899b6,Chandler Mehta,ee8c7a0880bd8ce1308395cf7d8061718b5a387da4161bd039480d6edd005a0d,lacinia.at@icloud.com,2024-04-03,10000,0
abea1620-1ab6-4520-97ed-43505ae41025,Edward Gupta,0856bff533dc55813304a9b574559bd65bc34e7c4bb2f977a34947b2deb01735,sollicitudin.adipiscing@protonmail.com,2024-04-03,10000,0
6c20a309-bf3b-4a96-8edf-6cd86406fc40,Lois Mahajan,06c02a950ae67e88e7107461d3aa5035f376fba7660de765a080e4110a118640,nulla.donec@outlook.com,2024-04-06,10000,0
f4c58d5c-5a65-4f34-bebf-e035c65cd9ed,Benedict Veena,7caa963063aae889e8babe40e08626baf78ebba43977e26a4276ac5a519bcab2,pede@google.com,2024-04-04,10000,0
c9ba2a14-7b04-4d24-9df3-8b0a67a7cc62,Gregory Name,de16b8554033609de83def2877c488bcefb87a732943bbec93c3ac038ef42658,et.tristique@protonmail.com,2024-04-02,10000,0
bbe391a6-3a37-4a7d-8429-1258edd6b68e,Samuel Martinez,5c8f7d825aa290d8977834ad6a619ba227332f72a6de0eaf656afaa8d1caab8f,sed.nunc@hotmail.com,2024-04-03,10000,0
0f7b605a-835f-4971-96a2-0f82a30029c6,Ramona Swami,91cceff5ca6d03eb821b61a22ecac0adff80678fe60e21c1ad1ca96a6907b753,vestibulum@yahoo.com,2024-04-06,10000,0
8a0d6116-0b05-4ccf-ae07-63392ed6741a,Conan Powell,446aed57389ca96efc102d7e101be11d599c916521203e32f0f2a88b77dc84fb,eu.dui.cum@outlook.com,2024-04-04,10000,0
778ab470-90fb-4198-8c42-86281fb83ed9,Malik Marshall,2a16f8c3c4d2c7de6b21a88b238b1762844006224e6df6f32fce035bf1665d43,interdum.ligula@google.com,2024-04-06,10000,0
e7d55408-f586-46ae-aa49-5d13c69ba6de,Salvador Sen,920e56f28c855967ea71e9df30b9a5066b4462dd133e36ce3746f35efa948ac8,quam.a.felis@yahoo.com,2024-04-06,10000,0
96577943-4f39-47b7-9e9f-183f72662bc4,Adena Clark,a10250fe2c42dc67448b9773ab6b6b6393ffb11a9f8caa7d829a325a19f32db2,in.hendrerit@google.com,2024-04-04,10000,0
6f37129f-91b0-446d-968d-85a36bac2dd5,Ifeoma Fung,e1430c34e40ef288de0892a66c3c06f97e743c27ce5f173e32bc18ea44fa8e71,nullam.enim@google.com,2024-04-04,10000,0
3e1022c2-debb-4988-b3ee-8c7a311761ce,Calvin Gomez,98687bdbec2310668bd3dd81529489a5d0886b835b24fc61ccfab4397bedebc1,mattis.semper.dui@icloud.com,2024-04-01,10000,0
a88e66e0-0cb1-426e-992a-f7bd4a8236b7,Palmer Reddy,786d3bd109d564189718ba855a34c492d5899ca6a4a2c7c3607353c5eba5dc26,class@outlook.com,2024-04-02,10000,0
efcfa11f-27b3-462e-a486-b67ea369efad,Morgan Wong,774508a279cbb4d7746a1be4b05e03ee8b9001b228281998fef09a51bb00d67c,a@hotmail.com,2024-04-03,10000,0
3a6a2798-ab26-4d1f-b9c4-ffc43c896ce4,Kaseem Kishore,421f05018705d5a720c97d8c0d564cb6a395802b9056859b86c0e461022cc732,non.justo@hotmail.com,2024-04-04,10000,0
7f3ff1f0-69aa-45a1-98c2-807dbda8bbb0,Steven Padilla,016dfd4ff180d4e63df791e1d6190d1f48f04e869152bea5f209b049f062853b,faucibus.leo@google.com,2024-04-01,10000,0
9c3d4651-0b06-4ef0-a13d-0960357cd66b,Jacqueline Dutta,62ccb72d56797ad0ef8ffeb080746dc36f13e77fdef446f8a915976d5ae8b66f,volutpat.nulla@protonmail.com,2024-04-02,10000,0
56afcdc9-1bf1-4a9a-8cc4-b861a9a94c29,Harlan Franklin,ed1e044f45b6216ee722512845fcf6d9a9a7f6620ac018aed44c86c7f2889a95,auctor.velit.aliquam@yahoo.com,2024-04-02,10000,0
c153632d-f260-43ba-98f2-b84d8a0ef7de,Destiny Seet,972d410973c447a78d4edbfbdbb34d908f9caa7f27709bf72d34a041d843888f,tristique.senectus@outlook.com,2024-04-02,10000,0
23515b8c-b0c8-491e-a237-958fceb2cbc0,Walker Nita,2a307b53073402579dd23d4e6acc593c521f1d6e9da6b7414f785bdb04d76a16,leo.morbi@icloud.com,2024-04-05,10000,0
da2ed645-14b9-4255-a3e1-dd9b8322a596,Quynn Chng,9b966c7e286b5b16feaa01d2415fa9f0fe8a1e39f2f2612c58d608bcb3309394,pharetra@yahoo.com,2024-04-06,10000,0
99612029-9ab5-4b78-81ed-cac5e13da771,Mechelle Nara,222542cd73e2ce1cfb1ff31877ef83b448269734e0bbefc55377f5158792f10c,sodales.nisi.magna@protonmail.com,2024-04-03,10000,0
ae0ae7ed-e00c-4a99-aad1-083747efe98b,Morgan Neel,5b1ea283c368b499ec7614a7746a18d84c739acf7c67408d15c545c619527155,fusce.dolor.quam@aol.com,2024-04-04,10000,0
d9bb45b5-e29a-4fd5-9fa1-b49440aecf3b,Cain Valdez,5487945a0559bcf990baf297f1b7c9cbcdf45accb4b805133de3dffd38c81646,venenatis@outlook.com,2024-04-05,10000,0
d5c995bb-cc80-428c-99c8-de57d93979d1,Levi Punj,ea2cdb5fce050fd3b5a36d6969a1d950b143c8f04e97adb07ed19df92408b73e,eget.lacus.mauris@google.com,2024-04-02,10000,0
648f61a6-0c28-486c-adb1-46a72c9e44c5,Walter Lay,47457fdcbb89cceec828a15bc0d32540c3ec01014805d6b20d271aca7f81c8c6,purus.mauris.a@icloud.com,2024-04-03,10000,0
efccbe6d-b748-43be-b85b-04c0584a198c,Adam Meena,2acc6cc0173cfb6dad65329b327dc077dc4bb21e15202cae0da2573435e199b8,accumsan.convallis@yahoo.com,2024-04-02,10000,0
23219a3d-f9c4-4555-a2a0-311c0ec6b2e3,Naida Subramani,0d438b9ed3cf9dd82356eac9797b379172506f229edd4a21f1333237785477de,fames@hotmail.com,2024-04-06,10000,0
e114706b-a4df-45d6-a703-49ca1f90fe96,Cain Chow,b39f7eb3a39be0bd8d5f66d8cdfe3cf9ebcfd87823390ca86ab75b009cd7669e,ligula.consectetuer@aol.com,2024-04-02,10000,0
3e88fe92-11f1-46f5-8094-4fa6cfc570b7,Holly Subramanian,8b9a96492201a627ff57ea1fbc0e472ab3f59407b66bbc363ca6e2f22a2642a6,cras.vulputate.velit@hotmail.com,2024-04-02,10000,0
97c25c48-ab29-4b28-b284-4d8bec83137b,Anika Wood,e28e18e16942ae6a6a5181dcb1f7c99f5fc4ff5c468724800bb86293e796da31,mauris.vestibulum@outlook.com,2024-04-03,10000,0
3418d77f-8e21-4daf-922e-1b8dba954338,Jena Kwee,5698bc91a6b7e8ba297873fc95acd947a7bc26331f1d16201f3ef8147e2f7f50,iaculis.lacus@protonmail.com,2024-04-03,10000,0
9ad2451b-7bd5-432f-aa00-53a0bac14c5a,Talon Ban,a1f274878d23078b9cff190784398dfa2c246b181f9b352a7452e1a76c5a094d,ac.libero@yahoo.com,2024-04-02,10000,0
5fef2738-c391-4cc1-8e36-e677afddb5fb,Hedy Vijaya,babbf2e3a4754c0d410e9cfe227bb6913ad7d6418ec73b3075a5520a7136f1c9,in.tincidunt.congue@hotmail.com,2024-04-05,10000,0
cfa84af8-4ea9-49e7-9bc5-c7b7388df7fc,Channing Lopez,5519f08192c5f0cbaa98900f7d57448428e8a19f86c3e403e5c850227eba9c19,nec.leo.morbi@protonmail.com,2024-04-05,10000,0
61db2546-1f1c-446e-ad31-b279ca5e240f,Orla Subramanian,bbd2522361db09386c29fe8023a3184241e2c8eca8d957d8a7ac24e3c9c69f63,class.aptent@aol.com,2024-04-05,10000,0
7e8f8d1e-3ad8-4123-b124-5e960fe5c156,Tanek Ngai,a1ed3d2f47198d9e5292e0ee0b35a69cd317d928f8bf9680f1e10155e9ff0bf1,vulputate.risus@outlook.com,2024-04-06,10000,0
293e2cdd-07fd-4160-b3ff-08d3a66634d5,Jaime Gonzalez,877366472088215e3a31a9da3262902070bd5c6bb06fa1a1ce585ad980996e8a,cum@protonmail.com,2024-04-04,10000,0
ac500544-5e2e-46f5-a758-9995a5c3aab3,Geoffrey Bhatt,caca82331511482f0bf63a022abc02b8330eca25b183dc58300d2db241edc1f2,massa.suspendisse@yahoo.com,2024-04-04,10000,0
f7e4b89e-78ff-46d3-b68f-dea1c627ea0b,Cole Ramos,e73f61bbdc68e2af262ebd0c7414535c89bcaeb85eb9758c196df94e4ad321f3,convallis.est.vitae@google.com,2024-04-06,10000,0
c996ffe7-09b4-4cf9-95c8-2532fe05071b,Macon Porter,530d46aedf717a2a1c9159f92a27193a1a6aa27be466e760824e680931d1a981,donec@hotmail.com,2024-04-02,10000,0
e7c191e1-1317-4a3d-8c0c-87616190f77c,Inga Gutierrez,d5df3f2c772607f5002a624e91ec4cff578c4a9497f68caa67c2f8cd036a977e,proin@aol.com,2024-04-01,10000,0
293b41f4-c39a-4b61-abe6-4d72627f3318,Michael Neelam,db90d1864d46a1da99dae9559f9f097ea9c14799eb83de76e17304e6a3b8aaab,non.leo@aol.com,2024-04-02,10000,0
02f4c64c-25b3-4d79-a041-0bce39e171ae,Lael Nguyen,bf79ff67e39162e49bf89c29f7da7fe7ae907490c6f5b9ef49c251aba49f8840,eleifend.vitae@outlook.com,2024-04-04,10000,0
f7490d96-8fa5-417a-93b8-c8d84f44739f,Cyrus Siu,2a864860f3b73e20ed26c3dd994729167a2a2413155b94797bc518fc5acd4b97,dolor.sit@outlook.com,2024-04-05,10000,0
50afaf23-e64c-4289-8e2f-3830419ad0a5,Kelly Boon,8b01f1447a141b9c6fccb02ff777a72ac2b341b6bdda965cbf1c949e51fa9815,consectetuer.ipsum.nunc@protonmail.com,2024-04-03,10000,0
d4208cbf-be30-479b-ae7a-d2629cd0f398,Savannah Stewart,2faf2053540df8553d13433d8f1108fd3be16a090fcdf264eac39a1f546ef2b4,sit.amet.luctus@protonmail.com,2024-04-02,10000,0
b3d9aaa7-0d48-4d65-b91c-f9e87a154520,Walker Oo,6a666998441eabb5aa1037c3d71df2454bc5179a952d27f97ba5ab42da215b7d,dolor@protonmail.com,2024-04-02,10000,0
c6ed94c6-7e58-4b81-a9a6-03fd0a11e516,Donovan Barnes,5ea00e61c11066a635719d6e6f63d11de764b81ba59ab2ca48cf424e69684e7f,quisque.varius@aol.com,2024-04-01,10000,0
0b4a770e-e181-4364-af25-5640a4e01c81,Reece Swami,5f432a6c3465336eb6f634979ddab3cb5e7576517665de7469ccb16e9c816af7,quam@google.com,2024-04-04,10000,0
43a6e668-761f-4da2-8d29-bf25259af200,Rashad Gandhi,c08957d54fc2973112774dfbeb831d28ad989af45aaf0e02095cee3efda8690d,nisi.mauris@protonmail.com,2024-04-02,10000,0
e4da6cf6-a3e3-4c89-a9c4-18ddb81a27f3,Karyn You,983109c9ae70648322ed0cbad757964c55f9abb57ceec7bc10d6697227cbbc28,auctor.vitae.aliquet@google.com,2024-04-06,10000,0
edc56edb-ed0c-4e18-9c5c-949cf3ee0568,Colin Dong,a70f1edcad6ec1b32bbaeff89062dfd48e17d835ffb58c48d7f07a97565f6459,etiam@hotmail.com,2024-04-02,10000,0
ec1fe8e1-1056-4768-aceb-0379d3418142,Marcia Maldonado,95af9f640339f766d224983ae9ee6218ae29e3cd5c32917a7e0c052a22df0348,sit.amet@icloud.com,2024-04-04,10000,0
f372c2e3-b4e6-4f70-ace6-f89dea75f13f,Carly Raj,ee49d4be4472cf95f15645c6e3a8057fb842eb7a70b555afdd72eedf95c6f507,hymenaeos.mauris@protonmail.com,2024-04-06,10000,0
9bac871c-6d5c-4fce-ad0d-956a89897704,Brett Kwek,c1a8d142e7e87b1f7212873928332c3e5688641037d2cfa6de2f62d13cc6ead2,pulvinar@protonmail.com,2024-04-06,10000,0
6b0d6112-8b0a-46ba-ad4b-25d7ec5c09d3,Ifeoma Veer,4110303fea39188c3903e4737dfe32b850eda28fe6e327ad2423610fc58b4ac9,orci@google.com,2024-04-04,10000,0
8febf31b-942e-4a1f-97f3-3809264763b1,Susan Subramanian,a2bd625419b7433a135d20b39b440bc3487a26587f753152a020d451326f4cca,parturient.montes@yahoo.com,2024-04-05,10000,0
d1c34b86-8330-45bc-8117-eb4225a71690,Louis Soh,8748b3ff4b9e9fcf8f84db9de1458c70d4325eadd348ebdaaf35122f06d2e18a,neque.sed@icloud.com,2024-04-01,10000,0
b5c7beaf-13b1-4239-9858-f425dc5a1b16,Cleo Baker,a4635d520671876de3135660895a393b7903dcdad290f2b4f2a4331972e6a28f,turpis.nulla.aliquet@aol.com,2024-04-05,10000,0
089e3892-2895-477d-8503-a0a7a60c574d,Audrey Andrews,a9a1c6377ec702270d8df326ec34aa481a49dd0ae6ae789b865cea783d589d78,consectetuer@aol.com,2024-04-05,10000,0
8477d3a1-930b-4523-b22c-501e1f542114,Iona Morgan,aff35e154d98112db98ebd913f405709f8f86e0134d48a0da2d5018763363c92,mauris.suspendisse.aliquet@google.com,2024-04-01,10000,0
b927b78f-5cbc-44fd-b47a-4824eb817da4,Naida Pal,98b70be7b5e2aa7ac1b884146bc45cdd762508c476f0a90fee22971ea2b9d875,sem@protonmail.com,2024-04-02,10000,0
dc7b65b6-60d7-48b1-b448-b4661017b5fc,Madeline Neel,9e889f88e4ce3cc1090ab5222e92777b0ea311b8eaacc1107d6cd95ba93c56fa,cursus.purus@hotmail.com,2024-04-05,10000,0
e134409b-241c-499a-b5da-81865cd44c00,Hayley Johnson,30b1a99b4be7ff42e8be959299bcde22e79eceda95c61057c00925710cc30337,nibh.lacinia@aol.com,2024-04-06,10000,0
5d8d38fd-bacc-47cb-aa1c-c34d6b581ac4,Kameko Neel,07b908c261969db724e11f4a63ab8bb242ce301539f07ff6191aec0b16742f96,luctus.lobortis.class@aol.com,2024-04-06,10000,0
d1cc27b7-a238-49ba-83f4-ed17b6d69558,Jerry Siu,a63a7f7ce886a22f340487e10a07847282b1d64f0952bc82a34a1a148bd52dcb,eu.turpis@aol.com,2024-04-04,10000,0
351f8fbe-69c7-46f9-9e57-03c63b9f8b37,Marah Rodriguez,653caa07136d5fab97d2bfd9df521dd44c17d7caaf0fb5b046abd302a02c0841,integer@yahoo.com,2024-04-04,10000,0
80afe03b-aa2b-42e1-9edf-ffef152914c7,Hedley Aggarwal,8fee2f31ecf84657398245b0eb9155b6956279cf1e76c7d9fdc590857663c0a8,lectus.ante.dictum@hotmail.com,2024-04-04,10000,0
f1cb234d-f302-4de1-8d9b-9a071d3927bf,Vance Tong,e4d4c9cb5e8399b9d1ecc7c18067fe19e9d6429d43d2da4c6c1d8b019565898f,quisque@icloud.com,2024-04-06,10000,0
f4236b05-0be2-4334-aa6a-fb10aadbe705,Hayes Lopez,d1bca61d3ab081812c6d1db058179fd8eef9b3187d28799a3549f3d1ef152cca,ligula.aliquam@icloud.com,2024-04-05,10000,0
2836e2af-92f9-4c2b-ad3c-8746f3615fc1,Dolan Wu,77b1a58c69b699f61c08f2fd5b299931f672ea306571e9a8e07d63787185f4dc,vitae@hotmail.com,2024-04-04,10000,0
d6fb0799-d73f-408c-88b3-dbd63ec9c126,Hayes Chew,78e1fd11586c468af52e4884ef1fb9fdd00ff6192fcc56990c8b1a071ec8659b,sed.nulla@aol.com,2024-04-03,10000,0
25e73b5b-816a-4221-80aa-b263e42b02ed,Rafael Vazquez,902684659acdb1cbf3e43572181fe46ccfdf01bbdbe5de2b9a4c1f5dc11b4ce1,eu.enim@icloud.com,2024-04-06,10000,0
0b3ca901-e0fc-40d4-941d-5dc3e6ea2455,Octavius Raje,c3495933ef8bf79233e46471ecbd88043a15753c409c721f2abf72bddb36bb5a,nisi.nibh@google.com,2024-04-05,10000,0
053c5dcf-b6a4-4d8e-b17f-1b0469fd0dbb,Donna Hua,962d9e156c78b1567677255c10c7b87bafe317c7532220a1715bf96087ddb3d6,morbi.tristique@hotmail.com,2024-04-04,10000,0
80828a6b-7524-49b7-a3e9-b2f9b517ae13,Cameron Kapoor,7d03e1c518dc99348b194fd855b6402f2f64fa43490962b1ff3e80f5526b2b2c,dui.cum.sociis@protonmail.com,2024-04-02,10000,0
4a08b707-82af-45f8-b353-2b449c36a5e6,Matthew Engineer,2a5b4cd087f1deb1b0815190dc277fb5a1c2ef9ea39bd44312f6b744b44926f3,nunc.sit.amet@yahoo.com,2024-04-04,10000,0
969d3a0f-acbc-463b-b231-1e3f86ea6cbd,Burton Mills,61926150e47f57a11fa568d309174b5fc868fffa05b29e759f012d617a246ea0,dictum.eu@outlook.com,2024-04-03,10000,0
6cad8ce0-935c-4344-8d89-a00e2eb7b8f9,Henry Fowler,29d3cf4d312526e02a29fdfb6275a05bc1a47742a2e17415a58f0c15fd02573b,nascetur.ridiculus.mus@yahoo.com,2024-04-04,10000,0
e848bcbd-19d9-4f50-b16d-6f9ee11fb2ce,Raphael Mani,00792a54e8560130988d495e2b96c03323e323d3694f7316008265b97d2ed9ba,dolor.sit@protonmail.com,2024-04-06,10000,0
7838dbfc-d7b0-4c81-bd9f-085b79d030e1,Daquan Chao,f9564953184a8c94df068c04731f71f0938a3446e3b71f74ae3168fbae997757,purus.mauris@google.com,2024-04-02,10000,0
29d47299-84c8-4ee0-8b9a-29743ff58107,Amelia Bhatt,17f1e3f03bb39dc87b63f906c2877cac44322b7356bf1bb7d069dc4436f9e1b4,sit@outlook.com,2024-04-06,10000,0
d805f6bb-8b6b-46d0-a77d-6eba3c7a4b0e,Meghan Sharma,daa77af202f6065b03109c2b52d215acd0cb31d43f4851bc7dcdbe5965aed0ac,metus.vitae@icloud.com,2024-04-05,10000,0
39c83d9f-bd56-48c8-b0bb-ed4014d1b28f,Maya Cox,c0aea79cdb38428368172b7d5a31e05a8f9691727fb217b193865f1312a56bad,vulputate.velit@outlook.com,2024-04-03,10000,0
934c3c38-4c31-46cf-b7ac-39f0c4bee82a,Scarlett Black,3796d132a69eca6c3b05a6cfb04e54c5502bcc3d8c51f5274e99fca36942d3bf,ante.lectus@aol.com,2024-04-03,10000,0
83ed6753-f22a-437d-bb7f-da1f81404d21,Alexander Teh,8501d1c969723d81d5e705fc05b0782a4dec529fcdcc2af3cf86eff70634f7a0,mi.aliquam.gravida@aol.com,2024-04-03,10000,0
8417f648-5147-4432-80b9-b25769eafb4c,Hilda Kwa,758781fd06c5ed41f31ae24171e917692f836d8b4a9a943126f270f4c0c2adac,auctor@yahoo.com,2024-04-05,10000,0
ae15238f-04b7-49db-b3e3-ca0aeaaaca4a,Jael Goel,a7be0db22dc57d7389309f209b06d1425af7f1329135fb9c1d032a5c9d08c849,odio.semper.cursus@hotmail.com,2024-04-02,10000,0
fae8f1f0-68de-4564-860c-431955215005,Sydney Woon,f07eb3c6ac70257ba26ac56e2c9b11c7d2608e9de374b545274c4794c3233de1,auctor.non@google.com,2024-04-04,10000,0
3dc71173-960b-4d66-bda7-f409e8758be0,Nerea Ganesh,d614f45e634152b4c21e93aa73868d795002191fbfb3bba7ae96784849ba924b,nisi.mauris@hotmail.com,2024-04-06,10000,0
6b61cbd5-4fae-4dc8-a7f1-a922ff1075b1,Mark Graham,6f12a34ce7e5919684adb6faf7fbfdc62bbd2431e3a500f38551be0256d025b5,ut.erat@icloud.com,2024-04-06,10000,0
8372097b-a1cb-4eae-b188-76309f910780,Nichole Malhotra,3e27530b06e5a1230db521672ebace0889376ed53b73bc01cfbaac22c19761ec,donec.egestas@aol.com,2024-04-05,10000,0
3645200d-7046-4b2c-9599-7accf24c66c1,Meghan Singh,680f8743b3b1b4145fffd949ef78c2372e29e23b1c66abb0b7408472e2ee03ad,libero.integer@outlook.com,2024-04-06,10000,0
82d7768b-99fd-453a-9bec-ae8a30266644,September Krishnamurthy,aca99a5a2247cf56ca522dee91a6b117de2c1c47e5ec5f2e08cd4b5e8f0111c2,arcu@outlook.com,2024-04-05,10000,0
e0fb3d6a-95be-41f9-9b2e-fb0582b87021,Mara Name,9cba65319172dcbd50f942c340dfa9b52bfb250bcfaaa6132d1d892f84825eb2,ipsum.suspendisse@hotmail.com,2024-04-03,10000,0
b4364d57-dc1e-4b11-b40f-45dee9f24d9a,Ezra Arun,3cc02577377eb156b4aeaf222a807a3c599aa721e4dd5ab25a0dcd8d1fd2a387,facilisis@outlook.com,2024-04-02,10000,0
22647d22-b975-42dc-bccf-5c6f868bf442,Aphrodite Chaudhary,7685afb47fbdcd763158ab048437fa68995b096f974acc7eb44ce6349e3ea9bc,nibh.quisque@outlook.com,2024-04-06,10000,0
827a895c-43ee-4cf4-8d31-d598954b3a41,Hollee Kwan,f956521136d2e5d033abb2d3eb717e1d40f6a5160159c952af06e353134e5091,vivamus@yahoo.com,2024-04-03,10000,0
ffe919ca-cbbb-4d74-b3cf-dc2b136de816,Luke Weber,c174334e8be85016c9d26d324043bebaf5835f376cb71c1d7762d6c567664ced,auctor@aol.com,2024-04-04,10000,0
0b6c33bb-c9b2-4faf-aabb-7657c3c7190c,Damian Gordon,ccb37f7de98d8ff29b202d7caca89f0c9942226819173e491052603d2918ef6a,ornare.elit@protonmail.com,2024-04-05,10000,0
2dcf7943-a137-4575-ad19-38f0ca326c34,Tad Lee,42111047f89ba5afc4a3010121db456405f9f666e2b649bf942acc58dc556c88,ipsum.ac.mi@icloud.com,2024-04-05,10000,0
00e4dce0-ec9c-48ff-bdf8-37f91e133199,Robin Woo,b5b4e336cf466471dbd404a4e1f1bdaad689add17ef63b695b90994c237c8f58,lectus.nullam@protonmail.com,2024-04-02,10000,0
f65ce13a-8968-4255-a090-6c97b8c61582,Carter Rajagopal,8854adc325b733ed74c4d2fa6079846c4170263c056e78fb6852794175b324c5,tristique.pharetra@yahoo.com,2024-04-06,10000,0
59deb4b2-1f9d-4df4-a852-9bcd86091434,Chandler Brooks,a80f72656de668c900b5a4d1228dd8f8cedb6962d2875cbacea3a58a13d6e42c,magna.a@hotmail.com,2024-04-05,10000,0
229510d5-05c9-4a24-be70-aa8a96414a6a,Nicole Pak,6906a342612cb07f2228b75ecf0d2f38c7b76a0c5f504865188538b8dea8dd06,nec.leo.morbi@google.com,2024-04-02,10000,0
56a6e936-a533-464d-891f-8ad184e210e8,Paul Subramani,e8755bcc86ebabd9889c35984b9a2a41a3f633effac12bd78e3d67a6dc8d368f,laoreet.lectus@google.com,2024-04-06,10000,0
69f4ad92-1e73-4399-a951-11af28ccbef9,Ingrid Subram,0394286f6e4bd0819952260887f40c02c804e13fceecbf7d3de863173d3cc7fc,in.felis@yahoo.com,2024-04-01,10000,0
1a79922a-f76a-4320-b613-e902f68d8a5f,Rae Ramirez,e2403e62dfd703dcf402965ae9c6bbfa73d677e77b6c82306cab9c3240c6c29e,vestibulum@outlook.com,2024-04-02,10000,0
cd428724-4243-445f-8f50-5468edaca37c,Jasper Hou,eff609e1ce9da16e9688caafec5fe352335c3015aa4c5a1d4cddc31fa9fe82f1,suspendisse@outlook.com,2024-04-06,10000,0
fdfd6871-2854-4def-be6f-11ba8d412121,Madeson Poh,6779a02beabd47c80e665b4c0fcd93d34da2a180b5154b7a6a71497b34426a38,a@hotmail.com,2024-04-02,10000,0
6943dacd-fa84-456e-86d2-0c04f4c01784,Rinah Adams,359c4d6005f209184827b105e06e0fa6ed393257ccf65eb00e8e9823f3cbb243,etiam.laoreet.libero@icloud.com,2024-04-02,10000,0
809b50d9-d1c8-43d7-adef-58c1b2212432,Cameran Kumar,f5b94b2c4c01a67510baf17ee02b7fe437fe5db7b66a521301b090cae294de99,elit@google.com,2024-04-03,10000,0
3cb82b16-7301-49cd-a388-5feadc0fdca1,Rose Loke,175f429ea2961b61299a1735e066d28ebd8466e2387338db5e6c3ff66c170f4c,est@hotmail.com,2024-04-03,10000,0
5716eea9-d1c6-4ae9-84d5-90eb89ab9dec,Rooney Xia,a4971e2ff3981126bbb9c2dfd1ca253690d005dceea0ab088c23b05a29c08b20,quis.arcu.vel@hotmail.com,2024-04-03,10000,0
e05ee20a-6600-474f-a78c-52e3e413f4a9,Jescie Perkins,5d764eb8b8b13be2faa66ba718e107f01e5e6075bd27d153674b4dfe6b6bbe99,malesuada@yahoo.com,2024-04-03,10000,0
b1c4d65a-03c3-4a1f-b3ed-223c772829f8,Arden Tee,f55384ce36f63952808211a172e04671f2a0f0c44d70fe6f6bd39ca4a2dd6126,aliquam.erat@aol.com,2024-04-02,10000,0
b804e1e0-c955-4e9c-899e-2d5c77293649,Lael Naran,68e910aff6ce4cdf372cbd87b36245a39771851076eb417d771c5ab5a08fe678,dis.parturient@icloud.com,2024-04-04,10000,0
fdfd69a4-da63-44ad-8b3a-1a8dd7c5e6f3,Amy Mahajan,caa945c27e10851d3fe500f17011eb4d371eda23b9de07bcbb4dd9e22110d033,a.nunc.in@aol.com,2024-04-05,10000,0
e13dccb3-3565-4927-9f0b-07a944b5e66c,Benjamin Nunez,5ad9eb384e6d11e79757cbe0efef15ebd2f9dd9168e383d730e00fffec14e1c8,fringilla.purus@google.com,2024-04-04,10000,0
c5862035-6b83-453d-b275-f78a4cbdca04,Nissim Knight,c7560909f2c5ab6f3df4198f386a044bc9cf841b04446fc5b14d5356443bada0,felis.ullamcorper@outlook.com,2024-04-02,10000,0
c5bb5ffb-a242-483f-8f12-1240f38cdb96,Britanni Anderson,b57f7549f05ba553c423a40701dbf08c57f0aec8130f974a4f15dc35937dd879,ullamcorper.nisl.arcu@google.com,2024-04-05,10000,0
4e1e9643-5e62-488c-a84b-c69e02177644,Emily Tyagi,6bb8ecc0ef208c35341976fe5dec6dbaf493887c41d1cb63a64dd57e00661dbc,at@outlook.com,2024-04-06,10000,0
6a693fe7-7ae4-4ab4-aaa9-dec464fc5c23,Quamar Nagpal,ff42250346aed8c33055f42c80c51518005d70a93c9c79e176ee576883f49d89,cum.sociis.natoque@icloud.com,2024-04-03,10000,0
1dee4ac7-7637-49be-b525-8552515fa75b,Candace Yang,d940a87275dbd126b99eee434f6df2cd9b8d00398a8e77214929d349666a4c81,proin@outlook.com,2024-04-03,10000,0
671ed437-1890-4c24-a3b8-df6c90bac779,Catherine Mehra,54e7298014540b6cb8209ed222bf32627d6bf4d4047f75e22620f606cda97416,a.arcu@outlook.com,2024-04-02,10000,0
1819f859-c74f-41a6-98c2-611fdf85548c,Dustin Montgomery,ffa9078f7ce1b30c59bef81dcdba9ffe241a6b7b3378857d751bb79ab2e20cd2,cursus.et@outlook.com,2024-04-05,10000,0
4eba5b10-6908-464a-97c0-fbe037b7df33,Prescott Grant,29668c790e4c13eb18c414d58a47881b023b752d888c9a06383312b4aa93233c,nam.interdum.enim@google.com,2024-04-03,10000,0
864fa186-c2a5-4ffd-b8b0-610940d4586b,Armand Contreras,d5cfbf463c0f6eb65674f995d43e1ffade08bb46b06ffad403440003d8deaf90,lobortis.tellus@hotmail.com,2024-04-05,10000,0
01029156-c65e-491c-96eb-b8a495277040,Walker Sin,f692048c0c1cc63c664a22822c92dfa4d462b1acf0215df231ed00a3c3b93e0d,donec.non.justo@yahoo.com,2024-04-03,10000,0
1df0943e-36dd-4929-82ee-cda8f2e26525,Beau Tyagi,23a2a17ea8639707da6959ccb45986cbc97580f80b3f60af01741e2189b4fce6,gravida.sit@protonmail.com,2024-04-05,10000,0
56f25339-79eb-4f65-b77c-c32f3b427005,Tanisha Narang,2cfedf0c667b89e350bfa42a9a4348da7cbccf57b515743ab9647e502b4bcd66,ac.feugiat.non@aol.com,2024-04-06,10000,0
358b4ddd-29dd-4f70-9443-03eeaeb1ef71,Shay Ramirez,a22173c3f6fde822773576e030ecac4c03759b4e988a01d3384ea40561294a67,tincidunt.donec.vitae@protonmail.com,2024-04-06,10000,0
fb805cc1-73f9-4a85-8868-cc16dba611a7,Chadwick Tanaka,b6ea8d1c2e8de35f129789fd07adeca824364e29435dcb9e3b4cfba8fa926849,leo.cras@aol.com,2024-04-05,10000,0
c0b7a949-1987-4655-9e23-59d5b9959999,Nelle Ranga,efdf4cf5c5a43c2e5b571137afd2cc76cb922006f80615176b07c33e98f5c77a,interdum.sed@hotmail.com,2024-04-04,10000,0
a20b828c-8780-48e5-b48c-991f7e64f745,Harriet Kumar,e291f1c9a4e1787c1d9bbfc97261903b5860e59a87c4f53ebbf7657d8bfab73a,dui.fusce@hotmail.com,2024-04-06,10000,0
be3a083e-013c-40d0-9080-b40fe6e7f952,Xyla Nunez,b686091d6ddbbb0bb6c4d61cde60778eb34a5757aaa676fefde810c55d8c49e4,vitae@icloud.com,2024-04-02,10000,0
7ad06adb-f13b-4c85-8f74-b7c283c6d387,Ainsley Ramirez,46045057348a3908489df2547b8e9fce5ac5ef7f6eb499f7e1a3f0d585f65394,interdum.enim@icloud.com,2024-04-03,10000,0
bd219719-7e48-4761-93b7-9770ef4ebe1e,Florence Zhan,5d3b4e74b135556d9c8c6c706368ed20058c500ea9f051f301d90ed5faaa68e1,lacinia@protonmail.com,2024-04-05,10000,0
885f4c28-6287-4b25-bb72-8eabee5b4dd6,Leonard Gong,5da3ebc80b273b750403701179d14fb429c6ac497f6ee46fa0b5b28cc707d97e,proin.sed.turpis@protonmail.com,2024-04-05,10000,0
7725b8bc-a714-48d2-bd58-2b342c5d580f,Macaulay Yu,f25f34aca56e50bc2e09f9d84e008f332a5901ccc8d115e87a75c4e99612d4ea,congue@protonmail.com,2024-04-01,10000,0
82a2275e-3c62-4b85-93e9-43e952315b18,Abbot Nath,690cf3495d43dee066264fe01d5bd56d0821bb3b4a420690d8b6f67e27a4b2e9,imperdiet.erat@protonmail.com,2024-04-04,10000,0
1e13c266-077d-49cb-82a5-b6269956e0c4,Jacqueline Alsagoff,2fd2b68a33773384e22f27a47e78265534d73ffb3d3eaeb71cf736c523be9fff,ac.urna@google.com,2024-04-05,10000,0
9103aa95-a8c1-4c5c-95be-bfc75c7ec5d3,Aurelia Xiao,ac15ba8b881346ced47da1c605114976bb7e5b74730d06bf26eddea6330104f9,ante.ipsum@yahoo.com,2024-04-04,10000,0
e68524f7-30c0-4627-bdde-839a932e9fcd,Medge Foong,9afd8c02e3f98251d9749c15ab64a476b9f5f6fbc07191bce8b01e456fe9f33d,tellus.phasellus.elit@protonmail.com,2024-04-03,10000,0
b60eebb6-0b5b-48f9-b005-5872ee7e7bdb,Inga Nelson,f5972773ad9f764923d36cb20d52f3680172e98cf6daeb19b24b021435f6a277,ipsum.nunc@protonmail.com,2024-04-04,10000,0
646f240f-1fd0-489e-a6e6-823e4d9ba45e,Amery Vargas,7038634c89d8093be9c8d2264a7c18c80f9124535f1601e19dd11586a05efa95,libero.nec.ligula@protonmail.com,2024-04-03,10000,0
e62060a7-fb49-49ba-97a3-02586f48e4d2,Benedict Weaver,4649e1dec1a795673826084810727e26ddc23d896b8bed21e1f5275596c23024,sodales.mauris@google.com,2024-04-05,10000,0
d05db49b-b8ed-44e1-9085-1c7a0274163b,Henry Prasad,c90a8d7e591dfad6b540af1b28afb89186c5f0b97da4c3e8bbb9cd9f2c9b8a92,justo@icloud.com,2024-04-06,10000,0
c9e34d62-5cd5-4cfd-a1be-3210bd8bce20,Erasmus Raji,f315bcb1def1cdcc3286cebebb151398cb55c3ddf0e32ef89c865ac55cb9edab,mi.felis.adipiscing@aol.com,2024-04-06,10000,0
2fca6721-54b8-4d7e-a977-c8ac48f35567,Kylan Kishore,93d230eef2afd3347671627f2606d99eb5201981b6856e41e216b45a9d08adf8,elit.etiam@google.com,2024-04-03,10000,0
4d906462-7553-4120-b6e6-2582259a7150,Garth Malik,1a7e0c65fdbab12e6b8dcd24bd970707020e15c008b9f38751b8561c071de2e0,montes.nascetur.ridiculus@aol.com,2024-04-04,10000,0
9c06f820-108d-4335-b7c7-f0b65366cd8d,Porter Krishnamurthy,f6c8ca4aa92647507ce887325ce433b7e0bd3332fea79c598c8e28f26712d0ae,lectus.pede.et@outlook.com,2024-04-04,10000,0
1c750c6e-5f58-4e8c-bd6a-f9d8cfb8904e,Jemima Martin,b25b93fab312836c85c899012643aa250a32e73326b78f9320652c91321e5c27,dui.cum.sociis@yahoo.com,2024-04-01,10000,0
9f17e45a-fadc-4965-bcb9-15957c379347,Chancellor Pierce,ce9885bc2b637a7ef564d4bb3de935a782c5761f0f2c84b6801016b90aa7713c,sollicitudin.adipiscing.ligula@outlook.com,2024-04-01,10000,0
ed606f78-76b7-4729-9dca-5f754b4ddbb2,Quyn Day,aedfcc06353143318b7fdd2d3e02bd9ebc9cedea7db22a4d6b6e19c1130bf227,ornare.elit@protonmail.com,2024-04-05,10000,0
6051ee57-aa5a-4e95-a5c7-f4e207fba0f9,Gareth Alsagoff,58d04b83e872daab0276f537b37068befdaf57da6324703e993b33694c579f0b,arcu.nunc.mauris@hotmail.com,2024-04-01,10000,0
1abc0d1c-f270-4f70-b0d3-85f8e3f41979,Burton Murphy,9f359d778734bc11b67d6066fdba130bc33223c35c056d3632a342e3e5c833d6,lobortis.augue@aol.com,2024-04-01,10000,0
5a78d6f9-ded9-4c79-af44-ae318b367ba0,Olga Mehta,9ddb163aee3976f134231550cfbe36972f109ee5d7c45825a40a67f4b55042b0,dictum.eleifend@yahoo.com,2024-04-02,10000,0
3cab68c0-108b-4f80-8319-5ee3066ce28c,Kadeem Phua,6c803eb4a8b66cf940969801054259e881d85f81dcff00beb90daac080ac0ef0,augue.eu@yahoo.com,2024-04-03,10000,0
86f9783e-f4f5-4bc9-a3a2-2339a428ffda,Ina Price,25cc4e30ef3ba430500c9031955209058b8cb8932bfd5afdf0dc4e7840627f70,ultrices.posuere@protonmail.com,2024-04-06,10000,0
2ef16646-63a7-4279-94bc-d71b54a3bc5f,Ronan Hansen,f129e4c77b20c6fb06359d5c614e616a508cb36d4289dca2a259e7f680557f5a,ornare@google.com,2024-04-02,10000,0
d1d9b45b-3208-4b3f-90e6-904447099513,Kirestin Guerrero,92d32ab05db26ddcbbb361e0bb5622b28679b10c6a59bc89e2002ee57ea4d78b,justo.eu.arcu@google.com,2024-04-04,10000,0
9eda21de-076e-4145-b6e9-97e604d9786f,Raya Jin,6dd2d448ffa94be32146fb0db28e61d115e96c6c060a57b891015d6c08997b71,quis@protonmail.com,2024-04-04,10000,0
aae8a577-467a-41b1-91c8-a43fd7a706a3,Dai Hunt,27fabcd413f654bf5710bc1110207534b7a4b5b6f76ae97a8b7c56ed82ab779a,facilisis.suspendisse@aol.com,2024-04-04,10000,0
b848bb66-068c-48c2-aa02-d3d55df0e4f2,Stuart Tsui,c2d2df3af994f2c447da45aed8435994a270023e930a4f9caec38036d03972d6,semper.et@icloud.com,2024-04-05,10000,0
ce15b163-0206-45f9-acf1-0c529b0aeead,Bruce Allen,0fbbda9087f098c760c0d12fdd686f997e594e268ad178fae7e714b0c2aa33b0,mauris@aol.com,2024-04-05,10000,0
9f30696f-9e6d-4e8f-85bf-65cd1c266ace,Beverly Nelson,17a858863531d0505080271952f0e5c2bdac4bf19583d072d2f81585eb61d4a3,ut.cursus@aol.com,2024-04-02,10000,0
085182f0-2dd6-44e9-a8d3-5baa22638d60,Callum Riley,96c337db731cbd89c8ee8e4ebf21d12a72e718cad0bb18eb32b9448800dd5a64,praesent.eu.nulla@protonmail.com,2024-04-03,10000,0
3be402c5-d136-4c33-a5b2-2a6d84da658b,Reese Mu,c7cf3051efa6fa818a290f7975cee286eb826bb2be5196c225bae92d922fd7d0,sed@aol.com,2024-04-02,10000,0
1c2fe063-2b0c-42ce-b9d5-ed0891e95d45,Cathleen Jindal,28739425dd5b6a07d19060a3028cc1fd8c5426c092b14ee898c81e818c8c94ba,non.hendrerit.id@outlook.com,2024-04-03,10000,0
25381e3f-6e33-43b9-b092-0e262b5566f5,Darius Boyd,6c5d71aaaa71b5ee6262e73782920610a4b329a8b83eb67f36461e80b6949a59,diam@google.com,2024-04-05,10000,0
6ca462bb-0a21-492d-9aff-dc5e26c53d71,Fatima Hudson,b5fd982a2d620588c6ae4e5059db28cd0cbe443934e68191a565ed7e919b1903,erat.vel@google.com,2024-04-06,10000,0
d29ef411-2b12-4c10-a60c-735163884197,Freya Xing,05ac4bcbab06dd257a9b71e49103edb088ddd376364fc784b4fc59c9291658a9,odio@google.com,2024-04-02,10000,0
68d27149-eb30-403c-88e0-3c9b13f8c2b8,Abra Win,a9f1a37b9e71c0ef9040dd72fe6d3d71c2016f07d299d2cb47d012be33529b7e,duis.mi@protonmail.com,2024-04-02,10000,0
dd4fa8c1-868b-45a7-9618-e0db5f5f41ba,Chancellor Ching,1b08705abfca45531b8459554d358bd42ca4c7ab97c837f0b58b5e94c0ccdc40,ac.turpis@outlook.com,2024-04-03,10000,0
070dd38c-2102-40b8-8890-5001d1247c08,Uriah Puri,d2375ca8131e4086f617772dc7210a85d040254b50758f6d214938d02feb305a,quis.lectus.nullam@icloud.com,2024-04-04,10000,0
db6baef0-f5b4-4931-ab40-8ee76efd80e4,Geoffrey Richards,49f56f17e47b52d5176399916ef6fd05dccf0939f2df1107ae853452a7ddcd7e,ac@protonmail.com,2024-04-05,10000,0
c8449f00-1dd7-44f1-928b-178f93dd3a4a,Declan Matthews,b920da47f6fb27decacc1c163b02bf772bb629d84656f8a911955c2bb37b71d5,massa@hotmail.com,2024-04-05,10000,0
cf2ab2d1-1c2f-4b88-bea3-1bf7f05b7457,Burke Seah,1dd126577a50d4dce40c23a4beb59b3c78f057eabfcc05b8038e6978d85264a4,vestibulum.neque.sed@hotmail.com,2024-04-01,10000,0
6516dfe3-9ab9-45e4-9149-f17b611a787a,Patrick Sara,bf8f1e7c018a684db40b86af1f19cbe3fb82485d2ef8a9b2ba018374a5aba791,nunc.mauris@hotmail.com,2024-04-06,10000,0
4687d162-d812-4109-962b-48fba0c2e17b,Kylan Peng,b2cb1339615b978cc918da6709c72e3a5cf476e2f1da451737d1c7c66fb7157c,penatibus.et@aol.com,2024-04-02,10000,0
cc9f6ca2-8fff-4d9d-a2f4-186d16d25b96,Kelsie Raji,a78ba9827a8b24f6fb5e4d578536464b5e6adbc672b704ec21048d4f9486c776,aliquet.metus@protonmail.com,2024-04-02,10000,0
5dbf5e40-bb24-42d7-a207-a2a9144196fb,Russell Sara,6970a4cc4e2f4ea4c76bdce3927d0bed9a26a8320894e50df9d18add1cfc5223,iaculis@aol.com,2024-04-04,10000,0
3c6a2a97-bb6b-4f09-afe3-03bd1f7da12e,Dawn Torres,2daf16ebffd641c7b31419af73132b9e79a81c6afd72da30b0a334a3ab851de0,at.risus.nunc@protonmail.com,2024-04-02,10000,0
2dbcac4e-c28d-4f98-a304-03ce3bd67dc7,Abel Loke,f91f1bf04be81d2e34f599a90d65e25e2e63f2f408a1d1e5695df7407156e2cc,eget.magna@hotmail.com,2024-04-06,10000,0
cb858dba-9fef-43d7-9827-ade634e3ef07,Ezekiel Washington,f8b3ddcd2ee03280573faad62d82c0ab6335105fd1b8e4e5738be882a42b1820,elit@protonmail.com,2024-04-04,10000,0
059b365e-834b-485c-bbe4-3de8fc794d93,Burton Subramani,2c27293392d3dd45ff908c14c4cb48db66c4f92a4fecd56a73efdf68ece93ef5,ligula.consectetuer@yahoo.com,2024-04-05,10000,0
d255b586-d6ff-4440-a0d8-c120dabcaaa0,Brenden Lee,f3d9fa7a470154865c43394038fcd0a0fc989f8c933642ae8e5df7b1bf54b527,suspendisse.commodo@google.com,2024-04-04,10000,0
c3cfb39a-dc4f-42cb-87d4-cc8e8f32704c,Neil Lane,a949f9f317fb2915ae696bbfa8e971ad4f4449e3186baed586cee2c7bb22a3fd,enim.consequat.purus@hotmail.com,2024-04-03,10000,0
921a5335-a0c8-4c31-930e-f2971ab28321,Dawn Punj,022a98670473f938f8c161a7ab38724e8948a734ae50b5b424f7b6b71721ae69,enim.sit@outlook.com,2024-04-05,10000,0
86d17bc8-2789-4056-b962-76edf2805c7a,Micah Chaudhary,bbd9557ca6c0313293e20e92ffd8a376ca72658e6d3b0a4e957ad453e14f4688,eget.ipsum@icloud.com,2024-04-02,10000,0
27d81a78-98f7-4f0d-8f11-7c630f18b00b,Neville Weber,33a30d0d094c054e46e20ae700c25489d448ef500bb64cfbb94966f19235409d,in@protonmail.com,2024-04-02,10000,0
2f83ced7-5525-4396-a850-873aa764105b,Geoffrey Vazquez,0a1c82ac8b7c37dd2c753d4b82fb0b0fcf31ba280f7b05a84fd1008bc69e9140,mauris@hotmail.com,2024-04-03,10000,0
93dc63b9-3291-4c22-bb89-80e6537324e4,Sacha Kwee,9a19a82f109e95f2201007a560a169c1623a220d5d9af099fec366820223bcc8,euismod.urna@protonmail.com,2024-04-05,10000,0
30f009c2-61b5-4a40-ae51-7b663e449141,Riley Wilson,187ba2ffb6c1b0686afc81c44d21d6c0ea94bc9a99ac2a1f85a26afba3e2b926,tellus.suspendisse@outlook.com,2024-04-05,10000,0
0504392c-374f-4f71-b065-37fc610c76f5,Tarik Jenkins,95fedd68a90e254b28ee3cb90b06301d541de0a7c58c0fe1c3fc5dcc7576dd80,pede@aol.com,2024-04-04,10000,0
041d3bba-a964-4f01-83c9-2bd48f435e9c,Unity Bishop,55e89e9b7ca926a4d4e334e7bd854f1167e063d371995bf1c6d627f28a82c897,sem.nulla@aol.com,2024-04-03,10000,0
7cb0528d-716e-4a23-b313-15c29b0120f1,Britanney Hwang,e518b9eb760b1034c9a8f6752586e10f384aaad88d057b1d7ffb10ce46ca93ac,in.molestie@icloud.com,2024-04-02,10000,0
